y,kan_avg_bias,kan_rmse,rf_avg_bias,rf_rmse
-7.3519092160330946,-0.0019641271953948704,0.0019641271953948704,0.0005011832242180647,0.0005011832242180647
-6.514332733761201,-0.0017486324670336626,0.0017486324670336626,0.005768026821241097,0.005768026821241097
-6.291098207054091,-0.0016317971791065884,0.0016317971791065884,-0.004429080563136626,0.004429080563136626
-6.081447252075174,-0.001563058390518238,0.001563058390518238,0.02279038014696113,0.02279038014696113
-5.744426588167547,-0.0015370827431340022,0.0015370827431340022,0.02719085204118376,0.02719085204118376
-5.736409211560332,-0.0016885233532212174,0.0016885233532212174,0.0018343651090215894,0.0018343651090215894
-5.723995188683535,-0.0015487619920066973,0.0015487619920066973,0.005270331813452107,0.005270331813452107
-5.632385353934037,-0.0016595280119036668,0.0016595280119036668,0.01864068322262072,0.01864068322262072
-5.5930072032604805,-0.0016616797642483808,0.0016616797642483808,0.02269163441427422,0.02269163441427422
-5.581902490412904,-0.0015370000556618048,0.0015370000556618048,0.007894912927011574,0.007894912927011574
-5.57493913972907,-0.0015797603170776588,0.0015797603170776588,0.024880588925282738,0.024880588925282738
-5.470180503926159,-0.001750773903356275,0.001750773903356275,0.014563536016740129,0.014563536016740129
-5.451236033169716,-0.0016012499920041732,0.0016012499920041732,0.023164101245302677,0.023164101245302677
-5.394537290743801,-0.00174620225610852,0.00174620225610852,0.003922820699562309,0.003922820699562309
-5.366848137016527,0.002859149611473715,0.002859149611473715,-0.05976456753010468,0.05976456753010468
-5.337774180300765,-0.0017256200076024965,0.0017256200076024965,0.009181484456906875,0.009181484456906875
-5.336405643958624,0.002641795985742937,0.002641795985742937,0.00048452375601805024,0.00048452375601805024
-5.330958113440892,-0.0017381720786201304,0.0017381720786201304,0.008896388502280611,0.008896388502280611
-5.326724213884491,-0.0019968690879665356,0.0019968690879665356,1.191761730784239e-05,1.191761730784239e-05
-5.326692487931608,-0.0016641542468317648,0.0016641542468317648,-0.02232584675490013,0.02232584675490013
-5.27004593628241,-0.0016251013961704579,0.0016251013961704579,0.0065501079823537,0.0065501079823537
-5.210389360918976,-0.0017993456650574743,0.0017993456650574743,0.00921239674107356,0.00921239674107356
-5.205103153518628,-0.001127879957493149,0.001127879957493149,0.01201804994807434,0.01201804994807434
-5.165853139669125,0.0028446408470950107,0.0028446408470950107,0.19628757344839237,0.19628757344839237
-5.1594924386199805,-0.0015795166066936983,0.0015795166066936983,0.006539444960643955,0.006539444960643955
-5.147896985682082,-0.0016790754993681184,0.0016790754993681184,0.0073796538300745975,0.0073796538300745975
-5.141922734219914,-0.0016376523690417402,0.0016376523690417402,0.0073972283271986055,0.0073972283271986055
-5.099924729111716,-0.001767176543021934,0.001767176543021934,0.01877236168307358,0.01877236168307358
-5.076211419291344,-0.0011149733876892431,0.0011149733876892431,0.0068644847539121295,0.0068644847539121295
-5.070416731457768,-0.0013235734281506692,0.0013235734281506692,0.005691049349071551,0.005691049349071551
-5.058002005450913,0.0032540187565933687,0.0032540187565933687,-0.06361176085336594,0.06361176085336594
-5.028649824286905,-0.0011376208556479425,0.0011376208556479425,0.010887129881333609,0.010887129881333609
-4.995848064162451,-0.0016248437209084284,0.0016248437209084284,0.001406520084690889,0.001406520084690889
-4.943909461680567,-0.0017304141491156222,0.0017304141491156222,0.013003841592489912,0.013003841592489912
-4.846999655932326,-0.0012731494037134029,0.0012731494037134029,0.01577026551997094,0.01577026551997094
-4.841368436605257,-0.0010263057307834775,0.0010263057307834775,0.010256548639643693,0.010256548639643693
-4.784298444531205,-0.0007650411905350991,0.0007650411905350991,0.012837193463967337,0.012837193463967337
-4.757156937114817,-0.001227024789675658,0.001227024789675658,0.004952479058523323,0.004952479058523323
-4.735667193294134,-0.001886479733330409,0.001886479733330409,0.003682368634290377,0.003682368634290377
-4.72645246340728,-0.0015156335232804092,0.0015156335232804092,0.002351732966062694,0.002351732966062694
-4.704223874394959,-0.0018050159819960375,0.0018050159819960375,0.017333915907680228,0.017333915907680228
-4.700482276213405,-0.0016165242089466233,0.0016165242089466233,0.0082766670357469,0.0082766670357469
-4.693296257327482,-0.0016734145436325038,0.0016734145436325038,0.011070023670053403,0.011070023670053403
-4.682655431067229,-0.0032703306495272017,0.0032703306495272017,0.0015039332532376676,0.0015039332532376676
-4.662922643550236,-0.0015866414725903928,0.0015866414725903928,4.644166059675377e-05,4.644166059675377e-05
-4.533649901107243,-0.001166564997067362,0.001166564997067362,0.01666303408045418,0.01666303408045418
-4.5060815328709936,-0.0012514450351899125,0.0012514450351899125,0.029511733917130724,0.029511733917130724
-4.476641561754556,-0.0017741768989691818,0.0017741768989691818,-0.0728077054350041,0.0728077054350041
-4.362859832751269,-0.00016026171011176028,0.00016026171011176028,0.006323847654866984,0.006323847654866984
-4.3438299476097555,-0.0011294603404890086,0.0011294603404890086,0.000999235419400105,0.000999235419400105
-4.248187102888425,-0.001012277902805166,0.001012277902805166,0.0036082791887582922,0.0036082791887582922
-3.91966561096312,-0.37770193211180825,0.37770193211180825,3.693339055618218,3.693339055618218
-3.8133032012963812,-0.39725795559010035,0.39725795559010035,5.070215274539448,5.070215274539448
-3.61466842780096,-0.43665960576095303,0.43665960576095303,5.016111559672333,5.016111559672333
-3.2968589825327888,-0.41457404663164366,0.41457404663164366,12.40091774045803,12.40091774045803
-3.291138251731722,-0.4560975420662653,0.4560975420662653,4.299998493425794,4.299998493425794
-3.2584675353134833,-0.4782793389086291,0.4782793389086291,4.548551471116774,4.548551471116774
-3.2327832811557196,-0.5079230497242191,0.5079230497242191,4.853707586363308,4.853707586363308
-3.1451766336363622,-0.43909915462455007,0.43909915462455007,4.868378216113802,4.868378216113802
-3.118073020418113,-0.41649459118216964,0.41649459118216964,7.7731709133503415,7.7731709133503415
-3.099736660422508,-0.46766000525470747,0.46766000525470747,4.1772340476369205,4.1772340476369205
-3.097472478430911,-0.42655763124683554,0.42655763124683554,6.901813775128824,6.901813775128824
-3.054925296419091,-0.5109209822033616,0.5109209822033616,2.9371164197657547,2.9371164197657547
-2.953653953843732,-0.5182681238877753,0.5182681238877753,3.7850225132706337,3.7850225132706337
-2.9520421580241476,-0.4013921805602344,0.4013921805602344,0.10539634227428221,0.10539634227428221
-2.9095187124345436,-0.498863389035971,0.498863389035971,3.133691150496127,3.133691150496127
-2.9091863030091045,-0.4599978501320342,0.4599978501320342,6.321582720313617,6.321582720313617
-2.8824274684984723,-0.4220133827819943,0.4220133827819943,5.4468571424471905,5.4468571424471905
-2.881271591557181,-0.44294704715128563,0.44294704715128563,3.6467006757387614,3.6467006757387614
-2.8795073093800716,-0.504723774404228,0.504723774404228,7.710004118133618,7.710004118133618
-2.871648829221804,-0.47051841899660674,0.47051841899660674,4.124596478068629,4.124596478068629
-2.766580631011363,-0.44983173569023893,0.44983173569023893,7.315886497893801,7.315886497893801
-2.7580254095876757,-0.4798345388066864,0.4798345388066864,3.8642441648340213,3.8642441648340213
-2.7405541820185992,-0.5212117070607469,0.5212117070607469,-39.23816594912543,39.23816594912543
-2.7290819804914923,-0.4356107254883091,0.4356107254883091,4.611929693746045,4.611929693746045
-2.7278641488119164,-0.45831110306569145,0.45831110306569145,6.2869437248691735,6.2869437248691735
-2.7223830665988844,-0.44485161888706976,0.44485161888706976,3.089791182756239,3.089791182756239
-2.718047693123917,-0.5110466069268558,0.5110466069268558,7.2878206395143765,7.2878206395143765
-2.669506039115499,-0.6253196991664852,0.6253196991664852,5.799401162136774,5.799401162136774
-2.6642794764151807,-0.5128588849669967,0.5128588849669967,4.192760385910961,4.192760385910961
-2.6565276247254417,-0.448397108223793,0.448397108223793,3.3697519246643632,3.3697519246643632
-2.649228564433259,-0.5137222081038785,0.5137222081038785,2.362610183170368,2.362610183170368
-2.6110309365983726,-0.4882394000849233,0.4882394000849233,7.392063892772413,7.392063892772413
-2.57027981108281,-0.5151399129281378,0.5151399129281378,4.3960291391534065,4.3960291391534065
-2.4949824036483803,-0.5186249796743073,0.5186249796743073,4.001236220202722,4.001236220202722
-2.3963616766712947,-0.5617344679723991,0.5617344679723991,3.0257490222949324,3.0257490222949324
-2.394523457446128,-0.5235436629703871,0.5235436629703871,6.960509920009184,6.960509920009184
-2.3817060440100297,-0.5934993143088175,0.5934993143088175,7.267443357256597,7.267443357256597
-2.3671629213853103,-0.5126291297071183,0.5126291297071183,5.615753068648424,5.615753068648424
-2.3590594554583384,-0.5090193035164874,0.5090193035164874,2.7004866103524843,2.7004866103524843
-2.346122117030369,-0.45515677589746395,0.45515677589746395,2.1887310221392484,2.1887310221392484
-2.2608710574620123,-0.5242111656249849,0.5242111656249849,3.3676025790816286,3.3676025790816286
-2.254244541080629,-0.5232528171118233,0.5232528171118233,7.868444009526013,7.868444009526013
-2.2508697189994873,-0.47117956469712197,0.47117956469712197,5.425863528608554,5.425863528608554
-2.2499195481938226,-0.5401019179959815,0.5401019179959815,7.100880709604426,7.100880709604426
-2.1643221786752584,-0.5281721487725389,0.5281721487725389,12.741878664818413,12.741878664818413
-2.148717566253313,-0.5767924407444616,0.5767924407444616,-13.44413946910823,13.44413946910823
-2.060141836814282,-0.5613830801654489,0.5613830801654489,3.286573141328304,3.286573141328304
-2.0134016461013635,-0.6209952153422236,0.6209952153422236,-1.7715333236605284,1.7715333236605284
-2.0003180005429635,-0.5587659305572136,0.5587659305572136,1.3978726678839466,1.3978726678839466
-1.8507437552969228,-0.6267935651659186,0.6267935651659186,7.9414710050476724,7.9414710050476724
-1.3355081955386714,-0.6075009699901847,0.6075009699901847,6.094250955780304,6.094250955780304
-1.324998488165039,-0.577686279017578,0.577686279017578,3.673563311374758,3.673563311374758
-1.147889603526746,-0.6821251657407972,0.6821251657407972,5.375755669484159,5.375755669484159
-0.8845497166929297,-0.6983667192131273,0.6983667192131273,5.433867503248132,5.433867503248132
-0.8582813147799087,-0.6988973493093168,0.6988973493093168,4.886810926789481,4.886810926789481
-0.8492913768980301,-0.7150677827588334,0.7150677827588334,15.864700316323518,15.864700316323518
-0.7482372876753001,-0.7331417489793681,0.7331417489793681,4.494312185196192,4.494312185196192
-0.7291573507511071,-0.6880218548693557,0.6880218548693557,5.065706194879035,5.065706194879035
-0.697346064012244,-0.6843022174234439,0.6843022174234439,5.805498377276966,5.805498377276966
-0.661206901107156,-0.6305812206228179,0.6305812206228179,7.821879635936431,7.821879635936431
-0.6396700889120233,-0.7782976329219347,0.7782976329219347,3.74321543595036,3.74321543595036
-0.6130424664489178,-0.7463679643234427,0.7463679643234427,8.554490560471677,8.554490560471677
-0.5763497942465721,-0.7457211642163325,0.7457211642163325,4.1468999009626195,4.1468999009626195
-0.5676786720896709,-0.7079556630416601,0.7079556630416601,-0.1875026190696934,0.1875026190696934
-0.5483266697357987,-0.6784219176541617,0.6784219176541617,7.889521096434765,7.889521096434765
-0.49231321098459624,-0.7495114695239216,0.7495114695239216,3.6522935020660463,3.6522935020660463
-0.43232213082853477,-0.8018304471282989,0.8018304471282989,9.634866610804877,9.634866610804877
-0.42476900281359686,-0.7744705775958566,0.7744705775958566,4.141424281966606,4.141424281966606
-0.385264276340644,-0.7391574857286,0.7391574857286,8.922405567419073,8.922405567419073
-0.3764495214270811,-0.730253508263969,0.730253508263969,4.789358634306435,4.789358634306435
-0.37434940174000086,-0.7000127751162069,0.7000127751162069,4.002259239067188,4.002259239067188
-0.37412808495543715,-0.717743045374611,0.717743045374611,4.2795647235293535,4.2795647235293535
-0.37031764625314345,-0.7144814420298158,0.7144814420298158,6.530040787810424,6.530040787810424
-0.343164014068547,-0.8221836770565076,0.8221836770565076,6.432436576718914,6.432436576718914
-0.33617065713611805,-0.823158719949372,0.823158719949372,9.548466889680887,9.548466889680887
-0.3152552243680731,-0.8222889860421796,0.8222889860421796,-45.568759708821084,45.568759708821084
-0.2986715223630041,-0.6693391287511234,0.6693391287511234,5.507629131768894,5.507629131768894
-0.24533893670485707,-0.7531707109456077,0.7531707109456077,7.9218137830793465,7.9218137830793465
-0.2404551234156056,-0.8090308034660426,0.8090308034660426,2.878693536519223,2.878693536519223
-0.2368438301595397,-0.7309155300052894,0.7309155300052894,4.509163225004942,4.509163225004942
-0.1966501604850528,-0.7923445933678185,0.7923445933678185,6.028782992737208,6.028782992737208
-0.1934120489098401,-0.7307319117512505,0.7307319117512505,9.066396404630755,9.066396404630755
-0.142965151364435,-0.8091633265756979,0.8091633265756979,5.45849758839994,5.45849758839994
-0.12345579931173312,-0.7131650314021258,0.7131650314021258,5.138356752762321,5.138356752762321
-0.08482304049729716,-0.807924788285131,0.807924788285131,9.151095422290014,9.151095422290014
0.008238042152666658,-0.7177521769370554,0.7177521769370554,3.4220887315466357,3.4220887315466357
0.017548282377457092,-0.803005814865394,0.803005814865394,3.879192515493517,3.879192515493517
0.020886356511145898,-0.8704112062012284,0.8704112062012284,10.462938834663642,10.462938834663642
0.0228310943441965,-0.7182365849677868,0.7182365849677868,6.623250713387236,6.623250713387236
0.03381080471959752,-0.778257833071195,0.778257833071195,8.524963031813336,8.524963031813336
0.04864508326266748,-0.8154547578735578,0.8154547578735578,3.803182425973778,3.803182425973778
0.14118052862621155,-0.8955641730196144,0.8955641730196144,4.969981043155842,4.969981043155842
0.17743717552047666,-0.7587617192139409,0.7587617192139409,16.184075270586725,16.184075270586725
0.1792064292479294,-0.8379258048542295,0.8379258048542295,-16.351799600059582,16.351799600059582
0.1848071751662239,-0.7636761757264647,0.7636761757264647,9.205949836789875,9.205949836789875
0.22471302540830518,-0.6944586861328955,0.6944586861328955,5.724587005510704,5.724587005510704
0.24257615912270492,-0.7268487075141682,0.7268487075141682,4.163760454064122,4.163760454064122
0.3431939465238285,-0.691388026317722,0.691388026317722,0.5358593049246211,0.5358593049246211
0.546699592294579,-0.753996245583177,0.753996245583177,8.99294995029185,8.99294995029185
0.6558521388645016,-0.8257974535147635,0.8257974535147635,0.6572586124600911,0.6572586124600911
1.1422868102190389,-0.6385573246337094,0.6385573246337094,6.562438995670113,6.562438995670113
1.2696686346330424,-0.7518714772398154,0.7518714772398154,5.249012176748262,5.249012176748262
1.3188892207474678,-0.6403107633053844,0.6403107633053844,6.194798985994053,6.194798985994053
1.4893681019276244,-0.6759636140389808,0.6759636140389808,6.958153126716951,6.958153126716951
1.5745756221719045,-0.6565014784490151,0.6565014784490151,6.212546399605763,6.212546399605763
1.5982762287367285,-0.5798192480249896,0.5798192480249896,16.42680196326233,16.42680196326233
1.6032620850719077,-0.6492886608227502,0.6492886608227502,5.702651957510133,5.702651957510133
1.7504845056118743,-0.6056261979052299,0.6056261979052299,5.9304877434973475,5.9304877434973475
1.7744685796535054,-0.5713848722707916,0.5713848722707916,6.2906128178608745,6.2906128178608745
1.7755851185950444,-0.7048122251415482,0.7048122251415482,4.604977264853608,4.604977264853608
1.7956592182038005,-0.6318019597759108,0.6318019597759108,10.477994733291617,10.477994733291617
1.800954365350588,-0.609262576966356,0.609262576966356,5.089693546902955,5.089693546902955
1.8125329635375076,-0.5453633584441729,0.5453633584441729,8.087367841660464,8.087367841660464
1.8166848138448053,-0.6166423239996461,0.6166423239996461,0.8701731288579666,0.8701731288579666
1.871387545533075,-0.5634721982372964,0.5634721982372964,9.078086029683373,9.078086029683373
1.9248922904653512,-0.6518577001775953,0.6518577001775953,4.468221492682502,4.468221492682502
1.9736842631188827,-0.6219639678654657,0.6219639678654657,4.666126346955564,4.666126346955564
1.9831780109784054,-0.693857746982841,0.693857746982841,7.298498255022053,7.298498255022053
1.9960520783300746,-0.6414145481862213,0.6414145481862213,10.251797516075872,10.251797516075872
2.0097692396768014,-0.6058476472128416,0.6058476472128416,5.179228583951389,5.179228583951389
2.0148630477230016,-0.6578452599253101,0.6578452599253101,10.096177107274334,10.096177107274334
2.031733585929987,-0.6181415629395955,0.6181415629395955,4.76157092707828,4.76157092707828
2.0457063788516807,-0.6005649945738908,0.6005649945738908,9.137927226311781,9.137927226311781
2.1100437332824535,-0.6022862049440585,0.6022862049440585,-47.47875007913419,47.47875007913419
2.1187497863676423,-0.6268940858808782,0.6268940858808782,5.710460862177878,5.710460862177878
2.131738935765484,-0.5105629448865106,0.5105629448865106,6.060097716460657,6.060097716460657
2.141792175992186,-0.5983052943400993,0.5983052943400993,7.58212052081297,7.58212052081297
2.168318317602048,-0.5853251091273721,0.5853251091273721,3.3441756352833174,3.3441756352833174
2.1769794901127044,-0.6213995117259727,0.6213995117259727,6.190415107830097,6.190415107830097
2.1828399644063623,-0.509725071636728,0.509725071636728,5.051904914741759,5.051904914741759
2.2090521009195108,-0.6186850040974514,0.6186850040974514,5.607328303447926,5.607328303447926
2.2242068387786924,-0.5562469551473123,0.5562469551473123,9.11966743292506,9.11966743292506
2.224877376451534,-0.6193125818290385,0.6193125818290385,9.969866938079646,9.969866938079646
2.237186275402202,-0.640011629501381,0.640011629501381,8.247092241128007,8.247092241128007
2.317541157633018,-0.6108899055156757,0.6108899055156757,8.553740797886864,8.553740797886864
2.362598201335702,-0.591893343585057,0.591893343585057,3.784675818937808,3.784675818937808
2.394156020213252,-0.6307310234592458,0.6307310234592458,4.025652030246326,4.025652030246326
2.4128251100737037,-0.5218993088938746,0.5218993088938746,7.217739046791358,7.217739046791358
2.4173678777917145,-0.5063202400683722,0.5063202400683722,5.287987005770417,5.287987005770417
2.4234787570323215,-0.6446466660458842,0.6446466660458842,10.140447464674489,10.140447464674489
2.4936518431966297,-0.5913773509120629,0.5913773509120629,4.411386982955021,4.411386982955021
2.507130424749172,-0.6063698819056502,0.6063698819056502,-16.56821160050311,16.56821160050311
2.5191965297162113,-0.5423394529409636,0.5423394529409636,15.905426939469587,15.905426939469587
2.543232114714436,-0.822992224375195,0.822992224375195,6.544863839939241,6.544863839939241
2.5452941550596915,-0.5748740670591822,0.5748740670591822,4.581137950126002,4.581137950126002
2.623858891413077,-0.5732575797041074,0.5732575797041074,10.018475064072875,10.018475064072875
2.68670589359062,-0.5274657862897534,0.5274657862897534,0.9164407212504295,0.9164407212504295
2.7002957698160976,-0.636059490051231,0.636059490051231,7.414746047904811,7.414746047904811
2.9441429398860812,-0.7621495654299828,0.7621495654299828,12.376892014478399,12.376892014478399
3.3251059238303675,-0.7986393588768597,0.7986393588768597,0.9561426444469995,0.9561426444469995
3.6200818159767483,-0.9561230881245033,0.9561230881245033,11.729117950208577,11.729117950208577
3.7856680450216817,-0.9167171011912832,0.9167171011912832,11.365145213161545,11.365145213161545
3.8632859205481775,-0.9764276188193515,0.9764276188193515,11.949711139167611,11.949711139167611
3.864335757431123,-1.061282573970581,1.061282573970581,9.062205902335727,9.062205902335727
3.9547614578191155,-0.9591185333926611,0.9591185333926611,10.005154379596771,10.005154379596771
4.007432559123718,-0.9473847845126412,0.9473847845126412,10.142720813254739,10.142720813254739
4.045843834371487,-0.893042629494799,0.893042629494799,28.68546483819721,28.68546483819721
4.173392596810813,-0.8758854349965461,0.8758854349965461,14.100521353022929,14.100521353022929
4.178258524947748,-0.993606092918806,0.993606092918806,8.553359154101122,8.553359154101122
4.190840326102112,-1.0578564925743577,1.0578564925743577,7.59985705752729,7.59985705752729
4.198315075235993,-0.9984957081590533,0.9984957081590533,10.877453903058095,10.877453903058095
4.201048299779282,-0.9682235967105706,0.9682235967105706,0.9965952555778922,0.9965952555778922
4.252525337514758,-0.9717962379581178,0.9717962379581178,18.28724095168188,18.28724095168188
4.278094510058118,-0.8579847265251265,0.8579847265251265,11.115263406231863,11.115263406231863
4.309520036025357,-1.0336542266753803,1.0336542266753803,13.032360661654963,13.032360661654963
4.321717927977766,-0.9901318979488366,0.9901318979488366,7.954713792884975,7.954713792884975
4.3420977919152985,-1.0225268039712057,1.0225268039712057,7.365133501363279,7.365133501363279
4.355817557515069,-0.8994937889916769,0.8994937889916769,16.182568392754668,16.182568392754668
4.377368433000794,-0.9672413716205736,0.9672413716205736,17.025740140531457,17.025740140531457
4.39366656430904,-0.9367563571068286,0.9367563571068286,8.817909635012809,8.817909635012809
4.4275834148394795,-0.9942673522583897,0.9942673522583897,16.107710512529092,16.107710512529092
4.462048226274539,-1.0129205218886186,1.0129205218886186,17.50346588908305,17.50346588908305
4.488236174673571,-1.0120693634164841,1.0120693634164841,8.38156611674991,8.38156611674991
4.534577793400365,-1.0328403030805702,1.0328403030805702,17.33311428105255,17.33311428105255
4.535342690932979,-0.9994192011853124,0.9994192011853124,-83.81372571600097,83.81372571600097
4.550609140710462,-0.9484851556015162,0.9484851556015162,10.114203041249109,10.114203041249109
4.561069353203456,-0.9927956333094151,0.9927956333094151,9.418713543568815,9.418713543568815
4.562149393893972,-0.8891162607948137,0.8891162607948137,10.705432009890018,10.705432009890018
4.5770917586197015,-1.0252381262369445,1.0252381262369445,5.64348885706702,5.64348885706702
4.601271510546438,-1.0471771681540285,1.0471771681540285,15.595323374961918,15.595323374961918
4.602523758972264,-0.8822094476457947,0.8822094476457947,8.430029220834488,8.430029220834488
4.613949094162365,-0.9781408648910004,0.9781408648910004,9.582388057251462,9.582388057251462
4.641825726467225,-0.9775461497792303,0.9775461497792303,16.51576729949152,16.51576729949152
4.653901998237514,-0.9451229284750917,0.9451229284750917,12.459739352214324,12.459739352214324
4.716958360518738,-0.8023532213535054,0.8023532213535054,5.286909232728735,5.286909232728735
4.719711487509262,-0.7965809781553875,0.7965809781553875,11.303438397507179,11.303438397507179
4.770763758049048,-1.033872257975212,1.033872257975212,6.594490488825741,6.594490488825741
4.80281912580321,-0.733561905560486,0.733561905560486,10.564853835881124,10.564853835881124
4.826071157553497,-1.0640398126602293,1.0640398126602293,16.89625465320209,16.89625465320209
4.835054420250414,-1.0163299908818137,1.0163299908818137,-30.540120840351413,30.540120840351413
4.848012150996679,-0.6223622120082802,0.6223622120082802,5.128972164750169,5.128972164750169
4.860955883911947,-0.9534566230162257,0.9534566230162257,28.22141193050378,28.22141193050378
4.938658603130592,-1.0333156074350067,1.0333156074350067,7.542135404629533,7.542135404629533
4.945283700802659,-1.1340252559752333,1.1340252559752333,8.975544366893555,8.975544366893555
4.958191554895162,-0.8987594136341238,0.8987594136341238,9.01670563893169,9.01670563893169
5.0302178406574125,-0.9009649670408199,0.9009649670408199,0.9730223545899239,0.9730223545899239
5.06291060765993,-1.0162827663529637,1.0162827663529637,17.12584827788868,17.12584827788868
5.17587851422389,-0.8955109352915553,0.8955109352915553,10.601574960395995,10.601574960395995
5.341586287477583,-1.0202298771315794,1.0202298771315794,17.220250655396843,17.220250655396843
5.9943597087962335,-0.5331591992305943,0.5331591992305943,0.9775933625445768,0.9775933625445768
6.097876821734458,-0.37436577130358817,0.37436577130358817,5.129798580544484,5.129798580544484
6.237203739168731,-0.41195857195530594,0.41195857195530594,5.191812911375385,5.191812911375385
6.2524468692958965,-0.3492967034589276,0.3492967034589276,5.029333500235429,5.029333500235429
6.306260830566323,-0.4447322723526611,0.4447322723526611,4.838705330402253,4.838705330402253
6.440289496075531,-0.411801851055119,0.411801851055119,4.821008399785433,4.821008399785433
6.459002880229203,-0.4494583626949039,0.4494583626949039,4.053513219404205,4.053513219404205
6.493411440006247,-0.3962109887308152,0.3962109887308152,12.109938703306973,12.109938703306973
6.534252230084118,-0.36166417882949786,0.36166417882949786,6.005509093579536,6.005509093579536
6.555562684544907,-0.43842181631218347,0.43842181631218347,3.6836715487862666,3.6836715487862666
6.5854117857137595,-0.43446794087620955,0.43446794087620955,0.9566852853056408,0.9566852853056408
6.60609553360918,-0.43426730810416914,0.43426730810416914,3.5153787253714226,3.5153787253714226
6.6358620610723085,-0.35660797328637184,0.35660797328637184,4.726468612230304,4.726468612230304
6.646145644860111,-0.48686159478936597,0.48686159478936597,5.884862251856494,5.884862251856494
6.66975159283665,-0.48658908797428513,0.48658908797428513,4.007803418807522,4.007803418807522
6.709391456825715,-0.47249426800797034,0.47249426800797034,8.894863239374958,8.894863239374958
6.7586847876715135,-0.42483031600544663,0.42483031600544663,7.203583482106014,7.203583482106014
6.759303293365246,-0.3899857323380962,0.3899857323380962,3.0693056308234623,3.0693056308234623
6.777563888941279,-0.33741759893113155,0.33741759893113155,3.404055806994843,3.404055806994843
6.781720440462731,-0.31044863942989886,0.31044863942989886,4.35448950978444,4.35448950978444
6.809460450827278,-0.3837760147427616,0.3837760147427616,6.521946601714998,6.521946601714998
6.840247569497063,-0.36890520251090386,0.36890520251090386,6.427817434782792,6.427817434782792
6.844278210349195,-0.4401082705736009,0.4401082705736009,7.247651882237324,7.247651882237324
6.885001863459857,-0.5080604174105602,0.5080604174105602,7.482538434660064,7.482538434660064
6.909233404826076,-0.5042642548487887,0.5042642548487887,7.976376264551942,7.976376264551942
6.9130866054874005,-0.4693302325265223,0.4693302325265223,4.521604104237883,4.521604104237883
6.924238791308218,-0.4590574428798253,0.4590574428798253,4.956583193995954,4.956583193995954
6.944738763417155,-0.4448411064334121,0.4448411064334121,3.913120388296182,3.913120388296182
6.960641648583505,-0.4496255656962014,0.4496255656962014,-33.771750020820754,33.771750020820754
6.985865199637356,-0.4394911414044047,0.4394911414044047,2.924386405523226,2.924386405523226
6.9925598520224606,-0.319283609995037,0.319283609995037,4.319020066152933,4.319020066152933
7.022207553538166,-0.3397017066024244,0.3397017066024244,3.497370348318871,3.497370348318871
7.059444614155758,-0.4152139763014855,0.4152139763014855,7.698878196671957,7.698878196671957
7.071318519701775,-0.48755651402213174,0.48755651402213174,3.3851441622798637,3.3851441622798637
7.109148401957087,-0.45211431492265297,0.45211431492265297,4.811573426418071,4.811573426418071
7.147371495884844,-0.47135104925193705,0.47135104925193705,3.262984369896942,3.262984369896942
7.150730146933666,-0.4518115784894462,0.4518115784894462,3.8368270938082554,3.8368270938082554
7.162978415751657,-0.42410085644109075,0.42410085644109075,-10.512717750263777,10.512717750263777
7.166011820482843,-0.34887073802560964,0.34887073802560964,4.512032885012902,4.512032885012902
7.192813141532716,-0.38902282765437235,0.38902282765437235,4.955870252984962,4.955870252984962
7.202236699616321,-0.42689650381101707,0.42689650381101707,6.164500450759457,6.164500450759457
7.202715238107682,-0.3753250949341089,0.3753250949341089,10.788880290774449,10.788880290774449
7.228663558074673,-0.5325034687329671,0.5325034687329671,8.52378215102791,8.52378215102791
7.347335286890883,-0.5724291169885799,0.5724291169885799,4.526355464986528,4.526355464986528
7.373729787724205,-0.33552819633481645,0.33552819633481645,0.8827701231213647,0.8827701231213647
7.383665363064554,-0.44889440713048123,0.44889440713048123,3.5999141801097343,3.5999141801097343
7.499015231998609,-0.34355242361878957,0.34355242361878957,3.8525787877038122,3.8525787877038122
7.501962323906783,-0.4995286084848636,0.4995286084848636,8.158779703397965,8.158779703397965
7.651461258631682,-0.4026551802944558,0.4026551802944558,4.981686381917533,4.981686381917533
7.739029635069084,-0.4050942299408147,0.4050942299408147,6.202763182759435,6.202763182759435
8.575671827492169,-0.45360920448729847,0.45360920448729847,5.108419400829671,5.108419400829671
8.611121557789286,-0.4472182336473657,0.4472182336473657,4.928607246101158,4.928607246101158
8.657760203313531,-0.47666899821132347,0.47666899821132347,4.791872234548245,4.791872234548245
8.663613493762098,-0.6459464984730802,0.6459464984730802,0.7459456098686463,0.7459456098686463
8.71922569357011,-0.4253676101258097,0.4253676101258097,4.64258047784973,4.64258047784973
8.873146433027344,-0.4916354651564233,0.4916354651564233,4.461203155806869,4.461203155806869
8.895111863357425,-0.3305932663323474,0.3305932663323474,4.967571745957322,4.967571745957322
8.932866844142069,-0.4503994629823316,0.4503994629823316,3.5474026271054546,3.5474026271054546
8.940979045641004,-0.4658938848773305,0.4658938848773305,11.778412847371925,11.778412847371925
8.962204086119261,-0.4046517686512008,0.4046517686512008,3.9823207644643346,3.9823207644643346
8.969775271648235,-0.5120299800772496,0.5120299800772496,0.6922882590883188,0.6922882590883188
9.017785257695532,-0.5192422107541003,0.5192422107541003,3.6117373632723146,3.6117373632723146
9.021350741116247,-0.5369668302724943,0.5369668302724943,3.550324196443516,3.550324196443516
9.053670003027285,-0.5100572763116067,0.5100572763116067,3.4621290940157854,3.4621290940157854
9.093976214484229,-0.5359307497356149,0.5359307497356149,5.089498414295198,5.089498414295198
9.140001142342232,-0.4534435230654219,0.4534435230654219,7.2991604611795005,7.2991604611795005
9.153978627298027,-0.5114956131729752,0.5114956131729752,8.14408924935616,8.14408924935616
9.161461213573517,-0.36657624533546396,0.36657624533546396,2.5622085723651153,2.5622085723651153
9.16625757613667,-0.5533263242920263,0.5533263242920263,8.06182485936396,8.06182485936396
9.168732216373279,-0.5971359081841354,0.5971359081841354,7.530573352537271,7.530573352537271
9.176508794815193,-0.5095437328600663,0.5095437328600663,3.393476719653446,3.393476719653446
9.191337486815076,-0.44449919588980236,0.44449919588980236,5.846403377763028,5.846403377763028
9.265103857771347,-0.5681293101325888,0.5681293101325888,4.123095861700998,4.123095861700998
9.285346370867343,-0.36361417454744605,0.36361417454744605,3.4587230947465386,3.4587230947465386
9.297868441905976,-0.4572102742905271,0.4572102742905271,3.745729720181952,3.745729720181952
9.324677581479055,-0.49667570077819834,0.49667570077819834,6.1450276679522595,6.1450276679522595
9.35641858337761,-0.5424752364197141,0.5424752364197141,7.262795054598621,7.262795054598621
9.385940606234033,-0.5066991104489065,0.5066991104489065,-33.29249937623615,33.29249937623615
9.394638640655009,-0.4912536096901279,0.4912536096901279,2.429017901048133,2.429017901048133
9.401241352160739,-0.5884999605500205,0.5884999605500205,3.7776526939328114,3.7776526939328114
9.422970310150948,-0.4113877871988997,0.4113877871988997,4.461806896148979,4.461806896148979
9.42567867888481,-0.5351077286869093,0.5351077286869093,2.8066404012912667,2.8066404012912667
9.441891348104068,-0.41195479927370104,0.41195479927370104,3.6804599349854934,3.6804599349854934
9.453448142870652,-0.4776249212198558,0.4776249212198558,3.2679280712724186,3.2679280712724186
9.47706350184429,-0.5467842894046266,0.5467842894046266,7.24700914915503,7.24700914915503
9.4909024112529,-0.4690755146912955,0.4690755146912955,-8.662990061168161,8.662990061168161
9.523979233720638,-0.5514287116071452,0.5514287116071452,3.0135084852716245,3.0135084852716245
9.544474592303416,-0.4314627999788847,0.4314627999788847,10.606912265485752,10.606912265485752
9.582807157262224,-0.4737699020531887,0.4737699020531887,5.1502910916700575,5.1502910916700575
9.604347709751812,-0.5486035712265679,0.5486035712265679,4.8323011446254025,4.8323011446254025
9.631255958595847,-0.5224056060942894,0.5224056060942894,7.225832194317913,7.225832194317913
9.678121642728172,-0.4949941734756954,0.4949941734756954,5.561769758717231,5.561769758717231
9.68476191172338,-0.5421446804765773,0.5421446804765773,4.984008724020896,4.984008724020896
9.717241734790996,-0.3192360567284668,0.3192360567284668,0.5318206156478985,0.5318206156478985
9.749386872979109,-0.6542220232414674,0.6542220232414674,4.1756289884865065,4.1756289884865065
9.828672122998515,-0.48418445226829543,0.48418445226829543,3.0950537470822157,3.0950537470822157
9.941014040153636,-0.5892152135247246,0.5892152135247246,7.871206389879287,7.871206389879287
10.039838909102057,-0.35772400701981166,0.35772400701981166,2.703732523283965,2.703732523283965
10.127044003039476,-0.464293146321512,0.464293146321512,3.878173218851444,3.878173218851444
10.136472982660587,-0.354345831076613,0.354345831076613,5.0300857519285085,5.0300857519285085
10.985039376409837,-0.42005475174391094,0.42005475174391094,3.983992208087271,3.983992208087271
11.00925957606074,-0.48196941457649967,0.48196941457649967,3.9199495868510628,3.9199495868510628
11.053466833249878,-0.43218491591641695,0.43218491591641695,3.559969419073614,3.559969419073614
11.186004517844323,-0.407389684495987,0.407389684495987,3.1198438257482657,3.1198438257482657
11.255971496630728,-0.32654358370665726,0.32654358370665726,3.726011973078418,3.726011973078418
11.288546111166212,-0.205550165582724,0.205550165582724,1.7269437656769036,1.7269437656769036
11.306003369979155,-0.4244573863646406,0.4244573863646406,2.648194534116442,2.648194534116442
11.310171003739228,-0.39552620838288766,0.39552620838288766,1.896278159162229,1.896278159162229
11.332867278727965,-0.5512901591673534,0.5512901591673534,0.24538465601685,0.24538465601685
11.354138757582714,-0.4411423177607522,0.4411423177607522,0.2556603586913289,0.2556603586913289
11.365818922554418,-0.42225059228724215,0.42225059228724215,1.967963587181741,1.967963587181741
11.388546651275762,-0.39275170056088937,0.39275170056088937,8.731065749986751,8.731065749986751
11.436605948623317,-0.470403876747309,0.470403876747309,3.1179329547888,3.1179329547888
11.452462569286698,-0.5468028529065816,0.5468028529065816,5.881859025993024,5.881859025993024
11.463679044246856,-0.3824523074235813,0.3824523074235813,5.996824670610138,5.996824670610138
11.521317497012951,-0.43743470402019013,0.43743470402019013,6.560690093561244,6.560690093561244
11.54180678410835,-0.5087231032079372,0.5087231032079372,3.803274724099212,3.803274724099212
11.545358538205758,-0.33211298639148135,0.33211298639148135,1.9136443820417428,1.9136443820417428
11.573214522802875,-0.42485702275260095,0.42485702275260095,4.420035615319601,4.420035615319601
11.593714296265139,-0.4443733796559529,0.4443733796559529,2.152336615727658,2.152336615727658
11.61712111005529,-0.41994632559964196,0.41994632559964196,2.739430632930377,2.739430632930377
11.62312369544763,-0.47796044140902993,0.47796044140902993,6.73413069700066,6.73413069700066
11.648337125825364,-0.45796779655345965,0.45796779655345965,2.5564716936684047,2.5564716936684047
11.671498092503734,-0.3483626886748372,0.3483626886748372,2.5730992815605305,2.5730992815605305
11.75616613880764,-0.4458846038309361,0.4458846038309361,3.2040960552226196,3.2040960552226196
11.780038838067847,-0.45025173922609185,0.45025173922609185,1.8811643777086766,1.8811643777086766
11.788972301271954,-0.26127455630861984,0.26127455630861984,2.8186599693479257,2.8186599693479257
11.803412081672661,-0.4282277312313898,0.4282277312313898,1.6516102050969053,1.6516102050969053
11.80360376192915,-0.4584537765942809,0.4584537765942809,5.7927032285194935,5.7927032285194935
11.80910759346105,-0.37902099092183805,0.37902099092183805,4.129800878106548,4.129800878106548
11.811239563884559,-0.34645070247004295,0.34645070247004295,-21.61955613332981,21.61955613332981
11.818826406754141,-0.3912714927125147,0.3912714927125147,-6.515660643030817,6.515660643030817
11.853380768279436,-0.35686157264550933,0.35686157264550933,2.12465824400734,2.12465824400734
11.857743940904324,-0.4680595105084637,0.4680595105084637,3.0073274256387936,3.0073274256387936
11.86157514266997,-0.3217426293144028,0.3217426293144028,1.8155284860832883,1.8155284860832883
11.886233946499154,-0.3543272134747978,0.3543272134747978,6.5074836210440585,6.5074836210440585
11.894682389532822,-0.4104405945545737,0.4104405945545737,4.725637727655236,4.725637727655236
11.900586971556436,-0.4854825353198262,0.4854825353198262,2.1687631575281037,2.1687631575281037
11.97280117299173,-0.33046859075286983,0.33046859075286983,3.5070155792698543,3.5070155792698543
12.033848359117023,-0.384558815465443,0.384558815465443,5.525037860672953,5.525037860672953
12.06075368185779,-0.22793475205515729,0.22793475205515729,0.15393287915167045,0.15393287915167045
12.099547017546533,-0.42955093654939347,0.42955093654939347,3.2049751787484686,3.2049751787484686
12.151438459067332,-0.4975473597344673,0.4975473597344673,2.567566667763246,2.567566667763246
12.16728712383044,-0.39046969202671356,0.39046969202671356,2.829053442821275,2.829053442821275
12.1902314649735,-0.27900621075825577,0.27900621075825577,2.756011316809346,2.756011316809346
12.27367888293248,-0.33582852105586203,0.33582852105586203,2.193541175093733,2.193541175093733
12.38006575640049,-0.4802379518644746,0.4802379518644746,6.1679745198462115,6.1679745198462115
12.533916330252088,-0.2884137586571504,0.2884137586571504,4.036872702503325,4.036872702503325
12.580662586205506,-0.2463272740684066,0.2463272740684066,1.8453662301625509,1.8453662301625509
12.602626747447268,-0.3985797091855851,0.3985797091855851,3.14822806804135,3.14822806804135
13.358957195030392,-0.2635666961043629,0.2635666961043629,3.7244409084002026,3.7244409084002026
13.360758948807947,-0.31061896469267275,0.31061896469267275,2.6349838097158416,2.6349838097158416
13.531261839007588,-0.35661494193369864,0.35661494193369864,3.1265164309222717,3.1265164309222717
13.614888136213164,-0.11940473442517185,0.11940473442517185,2.4932287783391187,2.4932287783391187
13.616831129904035,-0.27105803799789374,0.27105803799789374,3.7076504984008514,3.7076504984008514
13.652783342118537,-0.2723916371835511,0.2723916371835511,2.823667621437042,2.823667621437042
13.687475163336387,-0.27253271744652163,0.27253271744652163,1.477228011689328,1.477228011689328
13.7138525874133,-0.4082204540585349,0.4082204540585349,2.2825653854884345,2.2825653854884345
13.736192922200118,-0.4037011627742105,0.4037011627742105,4.774364075791183,4.774364075791183
13.738502243517189,-0.3733034791921591,0.3733034791921591,0.031943631453773574,0.031943631453773574
13.73886030693097,-0.3268972290568972,0.3268972290568972,2.820666096201566,2.820666096201566
13.773379461195688,-0.3513398381294985,0.3513398381294985,5.353323293138024,5.353323293138024
13.836114256910522,-0.30097817125373405,0.30097817125373405,7.236903072209151,7.236903072209151
13.851861156130383,-0.3175355392932317,0.3175355392932317,1.9309657675669145,1.9309657675669145
13.902633851683671,-0.3038556646494728,0.3038556646494728,4.85273901481431,4.85273901481431
13.929255862837994,-0.28561329215598713,0.28561329215598713,1.7676016158999714,1.7676016158999714
13.955091558790674,-0.2701459727510449,0.2701459727510449,3.785221637967731,3.785221637967731
13.969138362339237,-0.3804381828871111,0.3804381828871111,2.6543936818645486,2.6543936818645486
13.989637353732466,-0.45832846823030604,0.45832846823030604,3.5131228883560492,3.5131228883560492
14.00212106369383,-0.4462796046824677,0.4462796046824677,0.022284288895124644,0.022284288895124644
14.010919797715088,-0.31975259544036494,0.31975259544036494,1.4775201122034758,1.4775201122034758
14.04512774310149,-0.29325571241371756,0.29325571241371756,2.683523289889148,2.683523289889148
14.058884134744627,-0.298711791549895,0.298711791549895,1.9342879735232712,1.9342879735232712
14.079989814758585,-0.39619956827039354,0.39619956827039354,6.138499508613659,6.138499508613659
14.134398997250882,-0.34765721008682465,0.34765721008682465,1.693737175586317,1.693737175586317
14.146750402255385,-0.24491214090468372,0.24491214090468372,-8.170157138734318,8.170157138734318
14.212185522690316,-0.3559510919065205,0.3559510919065205,1.4023786524470578,1.4023786524470578
14.227993300694887,-0.30543510390932166,0.30543510390932166,7.53689295113104,7.53689295113104
14.236538521535085,-0.3202773626830738,0.3202773626830738,-23.285392401526746,23.285392401526746
14.243004248623446,-0.39663870957972996,0.39663870957972996,2.285991814785026,2.285991814785026
14.250788940480685,-0.37286085184530293,0.37286085184530293,5.717446034991415,5.717446034991415
14.27719470939223,-0.3571213108834158,0.3571213108834158,1.5830460224743543,1.5830460224743543
14.281258937235872,-0.2645400752884252,0.2645400752884252,1.7309265841229557,1.7309265841229557
14.283791226407924,-0.2933614363361037,0.2933614363361037,2.8267711358477916,2.8267711358477916
14.292598231676568,-0.17348969915891005,0.17348969915891005,2.561959118249381,2.561959118249381
14.293537605443042,-0.3127678177019165,0.3127678177019165,4.355843072846075,4.355843072846075
14.312301277221355,-0.343474706024632,0.343474706024632,4.676955625338568,4.676955625338568
14.314246529647907,-0.3946559979650978,0.3946559979650978,2.406996157401014,2.406996157401014
14.362795188721236,-0.26460191046304316,0.26460191046304316,3.348260067994886,3.348260067994886
14.40426562892458,-0.14741700956119821,0.14741700956119821,0.015896511151540733,0.015896511151540733
14.436440759638199,-0.3394745370670427,0.3394745370670427,5.079619910154506,5.079619910154506
14.553490045155556,-0.4370509085510875,0.4370509085510875,2.438534344595919,2.438534344595919
14.594746325341257,-0.3227752063867184,0.3227752063867184,2.7269148340925597,2.7269148340925597
14.649812335937499,-0.33402194657099565,0.33402194657099565,3.2676596163934812,3.2676596163934812
14.702341287218829,-0.2785253347108882,0.2785253347108882,2.481852188137247,2.481852188137247
14.71868564286644,-0.053780714904332255,0.053780714904332255,0.5014006051193933,0.5014006051193933
14.819117472647342,-0.3956827377226275,0.3956827377226275,5.498935004126578,5.498935004126578
14.93135967784359,-0.013632344827164047,0.013632344827164047,0.7297401249378239,0.7297401249378239
15.078209491855059,0.2722645943402352,0.2722645943402352,-2.7955368234807407,2.7955368234807407
15.121486263308952,-0.20343754310769288,0.20343754310769288,1.7734393660070848,1.7734393660070848
15.71225832155515,0.2519174640289122,0.2519174640289122,-2.379042431453983,2.379042431453983
15.732875013650947,0.3101129212790764,0.3101129212790764,-3.5347976608922558,3.5347976608922558
15.941230161260115,0.47264328658341515,0.47264328658341515,-5.687440176204479,5.687440176204479
15.977690763177343,0.30820359171832507,0.30820359171832507,-4.559044062813516,4.559044062813516
16.009056844765297,0.30237831043781405,0.30237831043781405,-3.388303933508343,3.388303933508343
16.019923275113538,0.276193244072354,0.276193244072354,-3.9239486031097797,3.9239486031097797
16.06188625227218,0.2511475684911868,0.2511475684911868,-1.742623636464547,1.742623636464547
16.064779322933546,0.3598001896216478,0.3598001896216478,-2.718428502918328,2.718428502918328
16.08307987814452,0.33761890380607784,0.33761890380607784,-5.3415487492118405,5.3415487492118405
16.119562166392754,0.3476922959154878,0.3476922959154878,-3.8397226177238117,3.8397226177238117
16.122865729451664,0.2639199177585162,0.2639199177585162,-0.00035491901590388897,0.00035491901590388897
16.17171724388278,0.30038134084509543,0.30038134084509543,-2.938622493294301,2.938622493294301
16.267116363637452,0.32118065987374084,0.32118065987374084,-2.125148409340105,2.125148409340105
16.283681862545283,0.29104702206928595,0.29104702206928595,-8.837011160060618,8.837011160060618
16.28395020635439,0.3242017856147436,0.3242017856147436,-5.352684025392785,5.352684025392785
16.313153187470235,0.37831902227194986,0.37831902227194986,-3.1593624989475657,3.1593624989475657
16.321155614623184,0.3021629428270791,0.3021629428270791,-2.4880681622256926,2.4880681622256926
16.336968594778472,0.3912408260511581,0.3912408260511581,-6.024060743135773,6.024060743135773
16.361602130681614,0.32161128731227573,0.32161128731227573,-2.36315441835945,2.36315441835945
16.418757393699245,0.2900233776366782,0.2900233776366782,-2.8636943171991542,2.8636943171991542
16.42812529916504,0.42028567776347087,0.42028567776347087,-2.6949967131747496,2.6949967131747496
16.437467923356586,0.2517795756538971,0.2517795756538971,-2.458161510901001,2.458161510901001
16.47467439775663,0.40857638987289596,0.40857638987289596,12.889214362537476,12.889214362537476
16.488759156433915,0.2696248325189235,0.2696248325189235,-1.4675735777325614,1.4675735777325614
16.536855934069543,0.2399067459115913,0.2399067459115913,-4.223914842313639,4.223914842313639
16.56975265489062,0.35307541447287577,0.35307541447287577,-10.162916017518494,10.162916017518494
16.62095896370797,0.2834775663486362,0.2834775663486362,-1.30582288827092,1.30582288827092
16.653802447228024,0.3098137163036741,0.3098137163036741,-1.7298626952065368,1.7298626952065368
16.66183747918561,0.3291577007603355,0.3291577007603355,27.16895807536774,27.16895807536774
16.671374848659696,0.19705741277378744,0.19705741277378744,-0.000409930815526693,0.000409930815526693
16.69797411903222,0.24190463732582873,0.24190463732582873,-3.981380902589262,3.981380902589262
16.700942731801774,0.3718975480996896,0.3718975480996896,-3.0026684491831017,3.0026684491831017
16.714201684536413,0.2962746232955136,0.2962746232955136,-3.136902872447924,3.136902872447924
16.72992016490989,0.3048921674467468,0.3048921674467468,-4.827151881188654,4.827151881188654
16.74777757599137,0.3737899966036219,0.3737899966036219,-0.0007615099424499933,0.0007615099424499933
16.752789204450742,0.3443871223511168,0.3443871223511168,-4.60583078293696,4.60583078293696
16.77074911839149,0.296500604669912,0.296500604669912,-2.183382685414085,2.183382685414085
16.777967617425034,0.3073193423702513,0.3073193423702513,-4.968607155666731,4.968607155666731
16.79622416208118,0.3766029434857814,0.3766029434857814,-4.267794135632688,4.267794135632688
16.83767137142153,0.3775964508261048,0.3775964508261048,-2.992226976599858,2.992226976599858
16.839033160159374,0.27683152325342597,0.27683152325342597,-4.235896555583462,4.235896555583462
16.95554163124378,0.2776903300946452,0.2776903300946452,-2.0122097401918144,2.0122097401918144
17.08994563313598,0.29025696879057183,0.29025696879057183,-2.513311234438002,2.513311234438002
17.132337548044557,0.3547469618277398,0.3547469618277398,-4.620019530637384,4.620019530637384
17.163692402800404,0.3255956424692739,0.3255956424692739,-2.1452901595168465,2.1452901595168465
17.214451109464157,0.3969165747416675,0.3969165747416675,-4.819673152806304,4.819673152806304
17.258169188894193,0.23746841768149776,0.23746841768149776,-3.8882964473296338,3.8882964473296338
17.328803025435093,0.3866233435408543,0.3866233435408543,-6.2931086278148705,6.2931086278148705
17.55379223626285,0.27900009206478915,0.27900009206478915,-2.866922042151521,2.866922042151521
17.6623099404124,0.39507615901779874,0.39507615901779874,-3.4865066819559902,3.4865066819559902
