profile_name,scenario_label,run_label,design_name,instrument_strength,n_samples,n_simulations,y_points,k_folds,kan_steps,truth_sample_size,truth_seed,seed_base,rf_config_id,kan_config_id,model,model_config_id,simulation,seed,y,dlate_est,true_dlate,bias,abs_error,sample_first_stage,true_complier_share,true_first_stage,mean_psi_beta,abs_mean_psi_beta,near_zero_denominator,fragile_denominator,weak_first_stage,runtime_sec
pilot,complex_local__strong__n500__nsim10,complex_local__strong__nsim10__n500__y8__seed20270420__pilot,complex_local,strong,500,10,8,3,25,30000,1729,20270420,rf_core_v1,kan_core_v1,kan,kan_core_v1,0,20270420,-2.079879574396232,-0.26769855948188387,-0.009438455210633415,-0.25826010427125046,0.25826010427125046,0.7527539779681763,0.73,0.73,0.7258159416617572,0.7258159416617572,0,0,0,3.587212753998756
pilot,complex_local__strong__n500__nsim10,complex_local__strong__nsim10__n500__y8__seed20270420__pilot,complex_local,strong,500,10,8,3,25,30000,1729,20270420,rf_core_v1,kan_core_v1,kan,kan_core_v1,0,20270420,-0.5591981391718289,-0.29323138050354963,-0.12395549205524527,-0.16927588844830438,0.16927588844830438,0.7527539779681763,0.73,0.73,0.7258159416617572,0.7258159416617572,0,0,0,3.587212753998756
pilot,complex_local__strong__n500__nsim10,complex_local__strong__nsim10__n500__y8__seed20270420__pilot,complex_local,strong,500,10,8,3,25,30000,1729,20270420,rf_core_v1,kan_core_v1,kan,kan_core_v1,0,20270420,0.030567932755841076,-0.39475852318792665,-0.20461531800666752,-0.19014320518125913,0.19014320518125913,0.7527539779681763,0.73,0.73,0.7258159416617572,0.7258159416617572,0,0,0,3.587212753998756
pilot,complex_local__strong__n500__nsim10,complex_local__strong__nsim10__n500__y8__seed20270420__pilot,complex_local,strong,500,10,8,3,25,30000,1729,20270420,rf_core_v1,kan_core_v1,kan,kan_core_v1,0,20270420,0.49362239472828756,-0.46382034383562787,-0.24301857384075848,-0.2208017699948694,0.2208017699948694,0.7527539779681763,0.73,0.73,0.7258159416617572,0.7258159416617572,0,0,0,3.587212753998756
pilot,complex_local__strong__n500__nsim10,complex_local__strong__nsim10__n500__y8__seed20270420__pilot,complex_local,strong,500,10,8,3,25,30000,1729,20270420,rf_core_v1,kan_core_v1,kan,kan_core_v1,0,20270420,0.9462497312576622,-0.43771155020431846,-0.25146122873100407,-0.18625032147331438,0.18625032147331438,0.7527539779681763,0.73,0.73,0.7258159416617572,0.7258159416617572,0,0,0,3.587212753998756
pilot,complex_local__strong__n500__nsim10,complex_local__strong__nsim10__n500__y8__seed20270420__pilot,complex_local,strong,500,10,8,3,25,30000,1729,20270420,rf_core_v1,kan_core_v1,kan,kan_core_v1,0,20270420,1.4301062657193766,-0.31757818086653195,-0.22574360306533325,-0.09183457780119869,0.09183457780119869,0.7527539779681763,0.73,0.73,0.7258159416617572,0.7258159416617572,0,0,0,3.587212753998756
pilot,complex_local__strong__n500__nsim10,complex_local__strong__nsim10__n500__y8__seed20270420__pilot,complex_local,strong,500,10,8,3,25,30000,1729,20270420,rf_core_v1,kan_core_v1,kan,kan_core_v1,0,20270420,2.084994231557355,-0.11657596093235958,-0.15300688401091045,0.036430923078550864,0.036430923078550864,0.7527539779681763,0.73,0.73,0.7258159416617572,0.7258159416617572,0,0,0,3.587212753998756
pilot,complex_local__strong__n500__nsim10,complex_local__strong__nsim10__n500__y8__seed20270420__pilot,complex_local,strong,500,10,8,3,25,30000,1729,20270420,rf_core_v1,kan_core_v1,kan,kan_core_v1,0,20270420,3.83022120533295,-0.22497309401609175,-0.013464952158289023,-0.21150814185780273,0.21150814185780273,0.7527539779681763,0.73,0.73,0.7258159416617572,0.7258159416617572,0,0,0,3.587212753998756
pilot,complex_local__strong__n500__nsim10,complex_local__strong__nsim10__n500__y8__seed20270420__pilot,complex_local,strong,500,10,8,3,25,30000,1729,20270420,rf_core_v1,kan_core_v1,kan,kan_core_v1,1,20270421,-2.079879574396232,-0.025037205449173535,-0.009438455210633415,-0.01559875023854012,0.01559875023854012,0.7988004362050164,0.772,0.772,0.7735622899353963,0.7735622899353963,0,0,0,3.445014341999922
pilot,complex_local__strong__n500__nsim10,complex_local__strong__nsim10__n500__y8__seed20270420__pilot,complex_local,strong,500,10,8,3,25,30000,1729,20270420,rf_core_v1,kan_core_v1,kan,kan_core_v1,1,20270421,-0.5591981391718289,-0.1435835578048348,-0.12395549205524527,-0.019628065749589543,0.019628065749589543,0.7988004362050164,0.772,0.772,0.7735622899353963,0.7735622899353963,0,0,0,3.445014341999922
pilot,complex_local__strong__n500__nsim10,complex_local__strong__nsim10__n500__y8__seed20270420__pilot,complex_local,strong,500,10,8,3,25,30000,1729,20270420,rf_core_v1,kan_core_v1,kan,kan_core_v1,1,20270421,0.030567932755841076,-0.2536891140884828,-0.20461531800666752,-0.04907379608181531,0.04907379608181531,0.7988004362050164,0.772,0.772,0.7735622899353963,0.7735622899353963,0,0,0,3.445014341999922
pilot,complex_local__strong__n500__nsim10,complex_local__strong__nsim10__n500__y8__seed20270420__pilot,complex_local,strong,500,10,8,3,25,30000,1729,20270420,rf_core_v1,kan_core_v1,kan,kan_core_v1,1,20270421,0.49362239472828756,-0.2890248723653278,-0.24301857384075848,-0.04600629852456933,0.04600629852456933,0.7988004362050164,0.772,0.772,0.7735622899353963,0.7735622899353963,0,0,0,3.445014341999922
pilot,complex_local__strong__n500__nsim10,complex_local__strong__nsim10__n500__y8__seed20270420__pilot,complex_local,strong,500,10,8,3,25,30000,1729,20270420,rf_core_v1,kan_core_v1,kan,kan_core_v1,1,20270421,0.9462497312576622,-0.34154472169391376,-0.25146122873100407,-0.09008349296290968,0.09008349296290968,0.7988004362050164,0.772,0.772,0.7735622899353963,0.7735622899353963,0,0,0,3.445014341999922
pilot,complex_local__strong__n500__nsim10,complex_local__strong__nsim10__n500__y8__seed20270420__pilot,complex_local,strong,500,10,8,3,25,30000,1729,20270420,rf_core_v1,kan_core_v1,kan,kan_core_v1,1,20270421,1.4301062657193766,-0.31820023002822245,-0.22574360306533325,-0.0924566269628892,0.0924566269628892,0.7988004362050164,0.772,0.772,0.7735622899353963,0.7735622899353963,0,0,0,3.445014341999922
pilot,complex_local__strong__n500__nsim10,complex_local__strong__nsim10__n500__y8__seed20270420__pilot,complex_local,strong,500,10,8,3,25,30000,1729,20270420,rf_core_v1,kan_core_v1,kan,kan_core_v1,1,20270421,2.084994231557355,-0.16679405243466444,-0.15300688401091045,-0.013787168423753993,0.013787168423753993,0.7988004362050164,0.772,0.772,0.7735622899353963,0.7735622899353963,0,0,0,3.445014341999922
pilot,complex_local__strong__n500__nsim10,complex_local__strong__nsim10__n500__y8__seed20270420__pilot,complex_local,strong,500,10,8,3,25,30000,1729,20270420,rf_core_v1,kan_core_v1,kan,kan_core_v1,1,20270421,3.83022120533295,0.01767974869421169,-0.013464952158289023,0.031144700852500713,0.031144700852500713,0.7988004362050164,0.772,0.772,0.7735622899353963,0.7735622899353963,0,0,0,3.445014341999922
pilot,complex_local__strong__n500__nsim10,complex_local__strong__nsim10__n500__y8__seed20270420__pilot,complex_local,strong,500,10,8,3,25,30000,1729,20270420,rf_core_v1,kan_core_v1,kan,kan_core_v1,2,20270422,-2.079879574396232,-0.3403185597324959,-0.009438455210633415,-0.3308801045218625,0.3308801045218625,0.7749494949494949,0.774,0.774,0.7577042462199078,0.7577042462199078,0,0,0,3.5173046960007923
pilot,complex_local__strong__n500__nsim10,complex_local__strong__nsim10__n500__y8__seed20270420__pilot,complex_local,strong,500,10,8,3,25,30000,1729,20270420,rf_core_v1,kan_core_v1,kan,kan_core_v1,2,20270422,-0.5591981391718289,-0.23998804286917588,-0.12395549205524527,-0.11603255081393062,0.11603255081393062,0.7749494949494949,0.774,0.774,0.7577042462199078,0.7577042462199078,0,0,0,3.5173046960007923
pilot,complex_local__strong__n500__nsim10,complex_local__strong__nsim10__n500__y8__seed20270420__pilot,complex_local,strong,500,10,8,3,25,30000,1729,20270420,rf_core_v1,kan_core_v1,kan,kan_core_v1,2,20270422,0.030567932755841076,-0.39444136476549213,-0.20461531800666752,-0.1898260467588246,0.1898260467588246,0.7749494949494949,0.774,0.774,0.7577042462199078,0.7577042462199078,0,0,0,3.5173046960007923
pilot,complex_local__strong__n500__nsim10,complex_local__strong__nsim10__n500__y8__seed20270420__pilot,complex_local,strong,500,10,8,3,25,30000,1729,20270420,rf_core_v1,kan_core_v1,kan,kan_core_v1,2,20270422,0.49362239472828756,-0.47273907520481256,-0.24301857384075848,-0.22972050136405409,0.22972050136405409,0.7749494949494949,0.774,0.774,0.7577042462199078,0.7577042462199078,0,0,0,3.5173046960007923
pilot,complex_local__strong__n500__nsim10,complex_local__strong__nsim10__n500__y8__seed20270420__pilot,complex_local,strong,500,10,8,3,25,30000,1729,20270420,rf_core_v1,kan_core_v1,kan,kan_core_v1,2,20270422,0.9462497312576622,-0.4660266550376117,-0.25146122873100407,-0.21456542630660763,0.21456542630660763,0.7749494949494949,0.774,0.774,0.7577042462199078,0.7577042462199078,0,0,0,3.5173046960007923
pilot,complex_local__strong__n500__nsim10,complex_local__strong__nsim10__n500__y8__seed20270420__pilot,complex_local,strong,500,10,8,3,25,30000,1729,20270420,rf_core_v1,kan_core_v1,kan,kan_core_v1,2,20270422,1.4301062657193766,-0.37158899016714186,-0.22574360306533325,-0.1458453871018086,0.1458453871018086,0.7749494949494949,0.774,0.774,0.7577042462199078,0.7577042462199078,0,0,0,3.5173046960007923
pilot,complex_local__strong__n500__nsim10,complex_local__strong__nsim10__n500__y8__seed20270420__pilot,complex_local,strong,500,10,8,3,25,30000,1729,20270420,rf_core_v1,kan_core_v1,kan,kan_core_v1,2,20270422,2.084994231557355,-0.23459019785922933,-0.15300688401091045,-0.08158331384831888,0.08158331384831888,0.7749494949494949,0.774,0.774,0.7577042462199078,0.7577042462199078,0,0,0,3.5173046960007923
pilot,complex_local__strong__n500__nsim10,complex_local__strong__nsim10__n500__y8__seed20270420__pilot,complex_local,strong,500,10,8,3,25,30000,1729,20270420,rf_core_v1,kan_core_v1,kan,kan_core_v1,2,20270422,3.83022120533295,-0.00976282476088494,-0.013464952158289023,0.003702127397404083,0.003702127397404083,0.7749494949494949,0.774,0.774,0.7577042462199078,0.7577042462199078,0,0,0,3.5173046960007923
pilot,complex_local__strong__n500__nsim10,complex_local__strong__nsim10__n500__y8__seed20270420__pilot,complex_local,strong,500,10,8,3,25,30000,1729,20270420,rf_core_v1,kan_core_v1,kan,kan_core_v1,3,20270423,-2.079879574396232,-0.005516893886564091,-0.009438455210633415,0.003921561324069324,0.003921561324069324,0.7923011567871381,0.76,0.76,0.7584366425083456,0.7584366425083456,0,0,0,3.192224027003249
pilot,complex_local__strong__n500__nsim10,complex_local__strong__nsim10__n500__y8__seed20270420__pilot,complex_local,strong,500,10,8,3,25,30000,1729,20270420,rf_core_v1,kan_core_v1,kan,kan_core_v1,3,20270423,-0.5591981391718289,-0.23892921400289616,-0.12395549205524527,-0.11497372194765089,0.11497372194765089,0.7923011567871381,0.76,0.76,0.7584366425083456,0.7584366425083456,0,0,0,3.192224027003249
pilot,complex_local__strong__n500__nsim10,complex_local__strong__nsim10__n500__y8__seed20270420__pilot,complex_local,strong,500,10,8,3,25,30000,1729,20270420,rf_core_v1,kan_core_v1,kan,kan_core_v1,3,20270423,0.030567932755841076,-0.37631309984800654,-0.20461531800666752,-0.17169778184133902,0.17169778184133902,0.7923011567871381,0.76,0.76,0.7584366425083456,0.7584366425083456,0,0,0,3.192224027003249
pilot,complex_local__strong__n500__nsim10,complex_local__strong__nsim10__n500__y8__seed20270420__pilot,complex_local,strong,500,10,8,3,25,30000,1729,20270420,rf_core_v1,kan_core_v1,kan,kan_core_v1,3,20270423,0.49362239472828756,-0.3679931201390257,-0.24301857384075848,-0.12497454629826721,0.12497454629826721,0.7923011567871381,0.76,0.76,0.7584366425083456,0.7584366425083456,0,0,0,3.192224027003249
pilot,complex_local__strong__n500__nsim10,complex_local__strong__nsim10__n500__y8__seed20270420__pilot,complex_local,strong,500,10,8,3,25,30000,1729,20270420,rf_core_v1,kan_core_v1,kan,kan_core_v1,3,20270423,0.9462497312576622,-0.38470429112588367,-0.25146122873100407,-0.1332430623948796,0.1332430623948796,0.7923011567871381,0.76,0.76,0.7584366425083456,0.7584366425083456,0,0,0,3.192224027003249
pilot,complex_local__strong__n500__nsim10,complex_local__strong__nsim10__n500__y8__seed20270420__pilot,complex_local,strong,500,10,8,3,25,30000,1729,20270420,rf_core_v1,kan_core_v1,kan,kan_core_v1,3,20270423,1.4301062657193766,-0.23907512110241233,-0.22574360306533325,-0.013331518037079076,0.013331518037079076,0.7923011567871381,0.76,0.76,0.7584366425083456,0.7584366425083456,0,0,0,3.192224027003249
pilot,complex_local__strong__n500__nsim10,complex_local__strong__nsim10__n500__y8__seed20270420__pilot,complex_local,strong,500,10,8,3,25,30000,1729,20270420,rf_core_v1,kan_core_v1,kan,kan_core_v1,3,20270423,2.084994231557355,-0.3334303265911171,-0.15300688401091045,-0.18042344258020665,0.18042344258020665,0.7923011567871381,0.76,0.76,0.7584366425083456,0.7584366425083456,0,0,0,3.192224027003249
pilot,complex_local__strong__n500__nsim10,complex_local__strong__nsim10__n500__y8__seed20270420__pilot,complex_local,strong,500,10,8,3,25,30000,1729,20270420,rf_core_v1,kan_core_v1,kan,kan_core_v1,3,20270423,3.83022120533295,-0.02470951206755219,-0.013464952158289023,-0.011244559909263166,0.011244559909263166,0.7923011567871381,0.76,0.76,0.7584366425083456,0.7584366425083456,0,0,0,3.192224027003249
pilot,complex_local__strong__n500__nsim10,complex_local__strong__nsim10__n500__y8__seed20270420__pilot,complex_local,strong,500,10,8,3,25,30000,1729,20270420,rf_core_v1,kan_core_v1,kan,kan_core_v1,4,20270424,-2.079879574396232,-0.3041608440053796,-0.009438455210633415,-0.2947223887947462,0.2947223887947462,0.735632183908046,0.764,0.764,0.6948865150688696,0.6948865150688696,0,0,0,3.377846611001587
pilot,complex_local__strong__n500__nsim10,complex_local__strong__nsim10__n500__y8__seed20270420__pilot,complex_local,strong,500,10,8,3,25,30000,1729,20270420,rf_core_v1,kan_core_v1,kan,kan_core_v1,4,20270424,-0.5591981391718289,-0.36506650625702375,-0.12395549205524527,-0.2411110142017785,0.2411110142017785,0.735632183908046,0.764,0.764,0.6948865150688696,0.6948865150688696,0,0,0,3.377846611001587
pilot,complex_local__strong__n500__nsim10,complex_local__strong__nsim10__n500__y8__seed20270420__pilot,complex_local,strong,500,10,8,3,25,30000,1729,20270420,rf_core_v1,kan_core_v1,kan,kan_core_v1,4,20270424,0.030567932755841076,-0.5174652301736973,-0.20461531800666752,-0.31284991216702973,0.31284991216702973,0.735632183908046,0.764,0.764,0.6948865150688696,0.6948865150688696,0,0,0,3.377846611001587
pilot,complex_local__strong__n500__nsim10,complex_local__strong__nsim10__n500__y8__seed20270420__pilot,complex_local,strong,500,10,8,3,25,30000,1729,20270420,rf_core_v1,kan_core_v1,kan,kan_core_v1,4,20270424,0.49362239472828756,-0.4693919596515656,-0.24301857384075848,-0.22637338581080713,0.22637338581080713,0.735632183908046,0.764,0.764,0.6948865150688696,0.6948865150688696,0,0,0,3.377846611001587
pilot,complex_local__strong__n500__nsim10,complex_local__strong__nsim10__n500__y8__seed20270420__pilot,complex_local,strong,500,10,8,3,25,30000,1729,20270420,rf_core_v1,kan_core_v1,kan,kan_core_v1,4,20270424,0.9462497312576622,-0.46521737014771747,-0.25146122873100407,-0.2137561414167134,0.2137561414167134,0.735632183908046,0.764,0.764,0.6948865150688696,0.6948865150688696,0,0,0,3.377846611001587
pilot,complex_local__strong__n500__nsim10,complex_local__strong__nsim10__n500__y8__seed20270420__pilot,complex_local,strong,500,10,8,3,25,30000,1729,20270420,rf_core_v1,kan_core_v1,kan,kan_core_v1,4,20270424,1.4301062657193766,-0.2963677355111035,-0.22574360306533325,-0.07062413244577026,0.07062413244577026,0.735632183908046,0.764,0.764,0.6948865150688696,0.6948865150688696,0,0,0,3.377846611001587
pilot,complex_local__strong__n500__nsim10,complex_local__strong__nsim10__n500__y8__seed20270420__pilot,complex_local,strong,500,10,8,3,25,30000,1729,20270420,rf_core_v1,kan_core_v1,kan,kan_core_v1,4,20270424,2.084994231557355,-0.34850022203742165,-0.15300688401091045,-0.1954933380265112,0.1954933380265112,0.735632183908046,0.764,0.764,0.6948865150688696,0.6948865150688696,0,0,0,3.377846611001587
pilot,complex_local__strong__n500__nsim10,complex_local__strong__nsim10__n500__y8__seed20270420__pilot,complex_local,strong,500,10,8,3,25,30000,1729,20270420,rf_core_v1,kan_core_v1,kan,kan_core_v1,4,20270424,3.83022120533295,-0.010613850746503652,-0.013464952158289023,0.0028511014117853714,0.0028511014117853714,0.735632183908046,0.764,0.764,0.6948865150688696,0.6948865150688696,0,0,0,3.377846611001587
pilot,complex_local__strong__n500__nsim10,complex_local__strong__nsim10__n500__y8__seed20270420__pilot,complex_local,strong,500,10,8,3,25,30000,1729,20270420,rf_core_v1,kan_core_v1,kan,kan_core_v1,5,20270425,-2.079879574396232,-0.02242011369052618,-0.009438455210633415,-0.012981658479892765,0.012981658479892765,0.7711308501414994,0.756,0.756,0.7647710179430608,0.7647710179430608,0,0,0,3.3543767369992565
pilot,complex_local__strong__n500__nsim10,complex_local__strong__nsim10__n500__y8__seed20270420__pilot,complex_local,strong,500,10,8,3,25,30000,1729,20270420,rf_core_v1,kan_core_v1,kan,kan_core_v1,5,20270425,-0.5591981391718289,-0.25057217997525594,-0.12395549205524527,-0.12661668792001068,0.12661668792001068,0.7711308501414994,0.756,0.756,0.7647710179430608,0.7647710179430608,0,0,0,3.3543767369992565
pilot,complex_local__strong__n500__nsim10,complex_local__strong__nsim10__n500__y8__seed20270420__pilot,complex_local,strong,500,10,8,3,25,30000,1729,20270420,rf_core_v1,kan_core_v1,kan,kan_core_v1,5,20270425,0.030567932755841076,-0.31681500810805824,-0.20461531800666752,-0.11219969010139072,0.11219969010139072,0.7711308501414994,0.756,0.756,0.7647710179430608,0.7647710179430608,0,0,0,3.3543767369992565
pilot,complex_local__strong__n500__nsim10,complex_local__strong__nsim10__n500__y8__seed20270420__pilot,complex_local,strong,500,10,8,3,25,30000,1729,20270420,rf_core_v1,kan_core_v1,kan,kan_core_v1,5,20270425,0.49362239472828756,-0.3738022305585049,-0.24301857384075848,-0.13078365671774644,0.13078365671774644,0.7711308501414994,0.756,0.756,0.7647710179430608,0.7647710179430608,0,0,0,3.3543767369992565
pilot,complex_local__strong__n500__nsim10,complex_local__strong__nsim10__n500__y8__seed20270420__pilot,complex_local,strong,500,10,8,3,25,30000,1729,20270420,rf_core_v1,kan_core_v1,kan,kan_core_v1,5,20270425,0.9462497312576622,-0.3079394785011709,-0.25146122873100407,-0.056478249770166855,0.056478249770166855,0.7711308501414994,0.756,0.756,0.7647710179430608,0.7647710179430608,0,0,0,3.3543767369992565
pilot,complex_local__strong__n500__nsim10,complex_local__strong__nsim10__n500__y8__seed20270420__pilot,complex_local,strong,500,10,8,3,25,30000,1729,20270420,rf_core_v1,kan_core_v1,kan,kan_core_v1,5,20270425,1.4301062657193766,-0.16362526740695887,-0.22574360306533325,0.06211833565837438,0.06211833565837438,0.7711308501414994,0.756,0.756,0.7647710179430608,0.7647710179430608,0,0,0,3.3543767369992565
pilot,complex_local__strong__n500__nsim10,complex_local__strong__nsim10__n500__y8__seed20270420__pilot,complex_local,strong,500,10,8,3,25,30000,1729,20270420,rf_core_v1,kan_core_v1,kan,kan_core_v1,5,20270425,2.084994231557355,-0.05577130421146921,-0.15300688401091045,0.09723557979944124,0.09723557979944124,0.7711308501414994,0.756,0.756,0.7647710179430608,0.7647710179430608,0,0,0,3.3543767369992565
pilot,complex_local__strong__n500__nsim10,complex_local__strong__nsim10__n500__y8__seed20270420__pilot,complex_local,strong,500,10,8,3,25,30000,1729,20270420,rf_core_v1,kan_core_v1,kan,kan_core_v1,5,20270425,3.83022120533295,-0.01546993244855343,-0.013464952158289023,-0.0020049802902644062,0.0020049802902644062,0.7711308501414994,0.756,0.756,0.7647710179430608,0.7647710179430608,0,0,0,3.3543767369992565
pilot,complex_local__strong__n500__nsim10,complex_local__strong__nsim10__n500__y8__seed20270420__pilot,complex_local,strong,500,10,8,3,25,30000,1729,20270420,rf_core_v1,kan_core_v1,kan,kan_core_v1,6,20270426,-2.079879574396232,-0.021573708513097565,-0.009438455210633415,-0.01213525330246415,0.01213525330246415,0.7674993047717198,0.786,0.786,0.7357004711241901,0.7357004711241901,0,0,0,3.681833636997908
pilot,complex_local__strong__n500__nsim10,complex_local__strong__nsim10__n500__y8__seed20270420__pilot,complex_local,strong,500,10,8,3,25,30000,1729,20270420,rf_core_v1,kan_core_v1,kan,kan_core_v1,6,20270426,-0.5591981391718289,-0.22769150270292932,-0.12395549205524527,-0.10373601064768405,0.10373601064768405,0.7674993047717198,0.786,0.786,0.7357004711241901,0.7357004711241901,0,0,0,3.681833636997908
pilot,complex_local__strong__n500__nsim10,complex_local__strong__nsim10__n500__y8__seed20270420__pilot,complex_local,strong,500,10,8,3,25,30000,1729,20270420,rf_core_v1,kan_core_v1,kan,kan_core_v1,6,20270426,0.030567932755841076,-0.30700601695906454,-0.20461531800666752,-0.10239069895239702,0.10239069895239702,0.7674993047717198,0.786,0.786,0.7357004711241901,0.7357004711241901,0,0,0,3.681833636997908
pilot,complex_local__strong__n500__nsim10,complex_local__strong__nsim10__n500__y8__seed20270420__pilot,complex_local,strong,500,10,8,3,25,30000,1729,20270420,rf_core_v1,kan_core_v1,kan,kan_core_v1,6,20270426,0.49362239472828756,-0.39358052605922905,-0.24301857384075848,-0.15056195221847057,0.15056195221847057,0.7674993047717198,0.786,0.786,0.7357004711241901,0.7357004711241901,0,0,0,3.681833636997908
pilot,complex_local__strong__n500__nsim10,complex_local__strong__nsim10__n500__y8__seed20270420__pilot,complex_local,strong,500,10,8,3,25,30000,1729,20270420,rf_core_v1,kan_core_v1,kan,kan_core_v1,6,20270426,0.9462497312576622,-0.38279235089962405,-0.25146122873100407,-0.13133112216861997,0.13133112216861997,0.7674993047717198,0.786,0.786,0.7357004711241901,0.7357004711241901,0,0,0,3.681833636997908
pilot,complex_local__strong__n500__nsim10,complex_local__strong__nsim10__n500__y8__seed20270420__pilot,complex_local,strong,500,10,8,3,25,30000,1729,20270420,rf_core_v1,kan_core_v1,kan,kan_core_v1,6,20270426,1.4301062657193766,-0.28619610487367403,-0.22574360306533325,-0.060452501808340775,0.060452501808340775,0.7674993047717198,0.786,0.786,0.7357004711241901,0.7357004711241901,0,0,0,3.681833636997908
pilot,complex_local__strong__n500__nsim10,complex_local__strong__nsim10__n500__y8__seed20270420__pilot,complex_local,strong,500,10,8,3,25,30000,1729,20270420,rf_core_v1,kan_core_v1,kan,kan_core_v1,6,20270426,2.084994231557355,-0.07483001868183917,-0.15300688401091045,0.07817686532907128,0.07817686532907128,0.7674993047717198,0.786,0.786,0.7357004711241901,0.7357004711241901,0,0,0,3.681833636997908
pilot,complex_local__strong__n500__nsim10,complex_local__strong__nsim10__n500__y8__seed20270420__pilot,complex_local,strong,500,10,8,3,25,30000,1729,20270420,rf_core_v1,kan_core_v1,kan,kan_core_v1,6,20270426,3.83022120533295,-0.3578544151803331,-0.013464952158289023,-0.3443894630220441,0.3443894630220441,0.7674993047717198,0.786,0.786,0.7357004711241901,0.7357004711241901,0,0,0,3.681833636997908
pilot,complex_local__strong__n500__nsim10,complex_local__strong__nsim10__n500__y8__seed20270420__pilot,complex_local,strong,500,10,8,3,25,30000,1729,20270420,rf_core_v1,kan_core_v1,kan,kan_core_v1,7,20270427,-2.079879574396232,-0.011319195088386939,-0.009438455210633415,-0.0018807398777535237,0.0018807398777535237,0.7715832029212312,0.77,0.77,0.7656417790974933,0.7656417790974933,0,0,0,3.649893505000364
pilot,complex_local__strong__n500__nsim10,complex_local__strong__nsim10__n500__y8__seed20270420__pilot,complex_local,strong,500,10,8,3,25,30000,1729,20270420,rf_core_v1,kan_core_v1,kan,kan_core_v1,7,20270427,-0.5591981391718289,-0.28197298264944093,-0.12395549205524527,-0.15801749059419568,0.15801749059419568,0.7715832029212312,0.77,0.77,0.7656417790974933,0.7656417790974933,0,0,0,3.649893505000364
pilot,complex_local__strong__n500__nsim10,complex_local__strong__nsim10__n500__y8__seed20270420__pilot,complex_local,strong,500,10,8,3,25,30000,1729,20270420,rf_core_v1,kan_core_v1,kan,kan_core_v1,7,20270427,0.030567932755841076,-0.3458070574947924,-0.20461531800666752,-0.14119173948812488,0.14119173948812488,0.7715832029212312,0.77,0.77,0.7656417790974933,0.7656417790974933,0,0,0,3.649893505000364
pilot,complex_local__strong__n500__nsim10,complex_local__strong__nsim10__n500__y8__seed20270420__pilot,complex_local,strong,500,10,8,3,25,30000,1729,20270420,rf_core_v1,kan_core_v1,kan,kan_core_v1,7,20270427,0.49362239472828756,-0.47617200754792827,-0.24301857384075848,-0.2331534337071698,0.2331534337071698,0.7715832029212312,0.77,0.77,0.7656417790974933,0.7656417790974933,0,0,0,3.649893505000364
pilot,complex_local__strong__n500__nsim10,complex_local__strong__nsim10__n500__y8__seed20270420__pilot,complex_local,strong,500,10,8,3,25,30000,1729,20270420,rf_core_v1,kan_core_v1,kan,kan_core_v1,7,20270427,0.9462497312576622,-0.34641112351337366,-0.25146122873100407,-0.09494989478236959,0.09494989478236959,0.7715832029212312,0.77,0.77,0.7656417790974933,0.7656417790974933,0,0,0,3.649893505000364
pilot,complex_local__strong__n500__nsim10,complex_local__strong__nsim10__n500__y8__seed20270420__pilot,complex_local,strong,500,10,8,3,25,30000,1729,20270420,rf_core_v1,kan_core_v1,kan,kan_core_v1,7,20270427,1.4301062657193766,-0.18113987492602393,-0.22574360306533325,0.04460372813930932,0.04460372813930932,0.7715832029212312,0.77,0.77,0.7656417790974933,0.7656417790974933,0,0,0,3.649893505000364
pilot,complex_local__strong__n500__nsim10,complex_local__strong__nsim10__n500__y8__seed20270420__pilot,complex_local,strong,500,10,8,3,25,30000,1729,20270420,rf_core_v1,kan_core_v1,kan,kan_core_v1,7,20270427,2.084994231557355,-0.13143711634401123,-0.15300688401091045,0.02156976766689922,0.02156976766689922,0.7715832029212312,0.77,0.77,0.7656417790974933,0.7656417790974933,0,0,0,3.649893505000364
pilot,complex_local__strong__n500__nsim10,complex_local__strong__nsim10__n500__y8__seed20270420__pilot,complex_local,strong,500,10,8,3,25,30000,1729,20270420,rf_core_v1,kan_core_v1,kan,kan_core_v1,7,20270427,3.83022120533295,-0.3674410759066856,-0.013464952158289023,-0.3539761237483966,0.3539761237483966,0.7715832029212312,0.77,0.77,0.7656417790974933,0.7656417790974933,0,0,0,3.649893505000364
pilot,complex_local__strong__n500__nsim10,complex_local__strong__nsim10__n500__y8__seed20270420__pilot,complex_local,strong,500,10,8,3,25,30000,1729,20270420,rf_core_v1,kan_core_v1,kan,kan_core_v1,8,20270428,-2.079879574396232,-0.005855811715124844,-0.009438455210633415,0.0035826434955085716,0.0035826434955085716,0.7788561076604554,0.764,0.764,0.7512377825384696,0.7512377825384696,0,0,0,3.2873058900004253
pilot,complex_local__strong__n500__nsim10,complex_local__strong__nsim10__n500__y8__seed20270420__pilot,complex_local,strong,500,10,8,3,25,30000,1729,20270420,rf_core_v1,kan_core_v1,kan,kan_core_v1,8,20270428,-0.5591981391718289,-0.3109782767196193,-0.12395549205524527,-0.18702278466437405,0.18702278466437405,0.7788561076604554,0.764,0.764,0.7512377825384696,0.7512377825384696,0,0,0,3.2873058900004253
pilot,complex_local__strong__n500__nsim10,complex_local__strong__nsim10__n500__y8__seed20270420__pilot,complex_local,strong,500,10,8,3,25,30000,1729,20270420,rf_core_v1,kan_core_v1,kan,kan_core_v1,8,20270428,0.030567932755841076,-0.3671088609974464,-0.20461531800666752,-0.16249354299077887,0.16249354299077887,0.7788561076604554,0.764,0.764,0.7512377825384696,0.7512377825384696,0,0,0,3.2873058900004253
pilot,complex_local__strong__n500__nsim10,complex_local__strong__nsim10__n500__y8__seed20270420__pilot,complex_local,strong,500,10,8,3,25,30000,1729,20270420,rf_core_v1,kan_core_v1,kan,kan_core_v1,8,20270428,0.49362239472828756,-0.414880831528887,-0.24301857384075848,-0.17186225768812852,0.17186225768812852,0.7788561076604554,0.764,0.764,0.7512377825384696,0.7512377825384696,0,0,0,3.2873058900004253
pilot,complex_local__strong__n500__nsim10,complex_local__strong__nsim10__n500__y8__seed20270420__pilot,complex_local,strong,500,10,8,3,25,30000,1729,20270420,rf_core_v1,kan_core_v1,kan,kan_core_v1,8,20270428,0.9462497312576622,-0.31502407444667574,-0.25146122873100407,-0.06356284571567167,0.06356284571567167,0.7788561076604554,0.764,0.764,0.7512377825384696,0.7512377825384696,0,0,0,3.2873058900004253
pilot,complex_local__strong__n500__nsim10,complex_local__strong__nsim10__n500__y8__seed20270420__pilot,complex_local,strong,500,10,8,3,25,30000,1729,20270420,rf_core_v1,kan_core_v1,kan,kan_core_v1,8,20270428,1.4301062657193766,-0.2364327312572383,-0.22574360306533325,-0.01068912819190504,0.01068912819190504,0.7788561076604554,0.764,0.764,0.7512377825384696,0.7512377825384696,0,0,0,3.2873058900004253
pilot,complex_local__strong__n500__nsim10,complex_local__strong__nsim10__n500__y8__seed20270420__pilot,complex_local,strong,500,10,8,3,25,30000,1729,20270420,rf_core_v1,kan_core_v1,kan,kan_core_v1,8,20270428,2.084994231557355,-0.13124111884886777,-0.15300688401091045,0.021765765162042677,0.021765765162042677,0.7788561076604554,0.764,0.764,0.7512377825384696,0.7512377825384696,0,0,0,3.2873058900004253
pilot,complex_local__strong__n500__nsim10,complex_local__strong__nsim10__n500__y8__seed20270420__pilot,complex_local,strong,500,10,8,3,25,30000,1729,20270420,rf_core_v1,kan_core_v1,kan,kan_core_v1,8,20270428,3.83022120533295,-0.010197363806453925,-0.013464952158289023,0.0032675883518350976,0.0032675883518350976,0.7788561076604554,0.764,0.764,0.7512377825384696,0.7512377825384696,0,0,0,3.2873058900004253
pilot,complex_local__strong__n500__nsim10,complex_local__strong__nsim10__n500__y8__seed20270420__pilot,complex_local,strong,500,10,8,3,25,30000,1729,20270420,rf_core_v1,kan_core_v1,kan,kan_core_v1,9,20270429,-2.079879574396232,-0.31730235703653836,-0.009438455210633415,-0.30786390182590495,0.30786390182590495,0.7409646428338017,0.768,0.768,0.7075250428519211,0.7075250428519211,0,0,0,3.421794588000921
pilot,complex_local__strong__n500__nsim10,complex_local__strong__nsim10__n500__y8__seed20270420__pilot,complex_local,strong,500,10,8,3,25,30000,1729,20270420,rf_core_v1,kan_core_v1,kan,kan_core_v1,9,20270429,-0.5591981391718289,-0.337749561740743,-0.12395549205524527,-0.21379406968549775,0.21379406968549775,0.7409646428338017,0.768,0.768,0.7075250428519211,0.7075250428519211,0,0,0,3.421794588000921
pilot,complex_local__strong__n500__nsim10,complex_local__strong__nsim10__n500__y8__seed20270420__pilot,complex_local,strong,500,10,8,3,25,30000,1729,20270420,rf_core_v1,kan_core_v1,kan,kan_core_v1,9,20270429,0.030567932755841076,-0.37722870075208753,-0.20461531800666752,-0.17261338274542,0.17261338274542,0.7409646428338017,0.768,0.768,0.7075250428519211,0.7075250428519211,0,0,0,3.421794588000921
pilot,complex_local__strong__n500__nsim10,complex_local__strong__nsim10__n500__y8__seed20270420__pilot,complex_local,strong,500,10,8,3,25,30000,1729,20270420,rf_core_v1,kan_core_v1,kan,kan_core_v1,9,20270429,0.49362239472828756,-0.4284692526825815,-0.24301857384075848,-0.18545067884182304,0.18545067884182304,0.7409646428338017,0.768,0.768,0.7075250428519211,0.7075250428519211,0,0,0,3.421794588000921
pilot,complex_local__strong__n500__nsim10,complex_local__strong__nsim10__n500__y8__seed20270420__pilot,complex_local,strong,500,10,8,3,25,30000,1729,20270420,rf_core_v1,kan_core_v1,kan,kan_core_v1,9,20270429,0.9462497312576622,-0.3787535781728739,-0.25146122873100407,-0.12729234944186985,0.12729234944186985,0.7409646428338017,0.768,0.768,0.7075250428519211,0.7075250428519211,0,0,0,3.421794588000921
pilot,complex_local__strong__n500__nsim10,complex_local__strong__nsim10__n500__y8__seed20270420__pilot,complex_local,strong,500,10,8,3,25,30000,1729,20270420,rf_core_v1,kan_core_v1,kan,kan_core_v1,9,20270429,1.4301062657193766,-0.25188522145478276,-0.22574360306533325,-0.026141618389449506,0.026141618389449506,0.7409646428338017,0.768,0.768,0.7075250428519211,0.7075250428519211,0,0,0,3.421794588000921
pilot,complex_local__strong__n500__nsim10,complex_local__strong__nsim10__n500__y8__seed20270420__pilot,complex_local,strong,500,10,8,3,25,30000,1729,20270420,rf_core_v1,kan_core_v1,kan,kan_core_v1,9,20270429,2.084994231557355,-0.4972314863899555,-0.15300688401091045,-0.34422460237904506,0.34422460237904506,0.7409646428338017,0.768,0.768,0.7075250428519211,0.7075250428519211,0,0,0,3.421794588000921
pilot,complex_local__strong__n500__nsim10,complex_local__strong__nsim10__n500__y8__seed20270420__pilot,complex_local,strong,500,10,8,3,25,30000,1729,20270420,rf_core_v1,kan_core_v1,kan,kan_core_v1,9,20270429,3.83022120533295,-0.18277330804189126,-0.013464952158289023,-0.16930835588360224,0.16930835588360224,0.7409646428338017,0.768,0.768,0.7075250428519211,0.7075250428519211,0,0,0,3.421794588000921
pilot,complex_local__strong__n500__nsim10,complex_local__strong__nsim10__n500__y8__seed20270420__pilot,complex_local,strong,500,10,8,3,25,30000,1729,20270420,rf_core_v1,kan_core_v1,rf,rf_core_v1,0,20270420,-2.079879574396232,-0.3074626387795102,-0.009438455210633415,-0.2980241835688768,0.2980241835688768,0.7527539779681763,0.73,0.73,0.10400381546120542,0.10400381546120542,0,0,0,4.676065260999167
pilot,complex_local__strong__n500__nsim10,complex_local__strong__nsim10__n500__y8__seed20270420__pilot,complex_local,strong,500,10,8,3,25,30000,1729,20270420,rf_core_v1,kan_core_v1,rf,rf_core_v1,0,20270420,-0.5591981391718289,-1.6610821442512278,-0.12395549205524527,-1.5371266521959825,1.5371266521959825,0.7527539779681763,0.73,0.73,0.10400381546120542,0.10400381546120542,0,0,0,4.676065260999167
pilot,complex_local__strong__n500__nsim10,complex_local__strong__nsim10__n500__y8__seed20270420__pilot,complex_local,strong,500,10,8,3,25,30000,1729,20270420,rf_core_v1,kan_core_v1,rf,rf_core_v1,0,20270420,0.030567932755841076,-2.9759272373282633,-0.20461531800666752,-2.7713119193215956,2.7713119193215956,0.7527539779681763,0.73,0.73,0.10400381546120542,0.10400381546120542,0,0,0,4.676065260999167
pilot,complex_local__strong__n500__nsim10,complex_local__strong__nsim10__n500__y8__seed20270420__pilot,complex_local,strong,500,10,8,3,25,30000,1729,20270420,rf_core_v1,kan_core_v1,rf,rf_core_v1,0,20270420,0.49362239472828756,-3.3558966550221245,-0.24301857384075848,-3.112878081181366,3.112878081181366,0.7527539779681763,0.73,0.73,0.10400381546120542,0.10400381546120542,0,0,0,4.676065260999167
pilot,complex_local__strong__n500__nsim10,complex_local__strong__nsim10__n500__y8__seed20270420__pilot,complex_local,strong,500,10,8,3,25,30000,1729,20270420,rf_core_v1,kan_core_v1,rf,rf_core_v1,0,20270420,0.9462497312576622,-3.3838520737014326,-0.25146122873100407,-3.1323908449704287,3.1323908449704287,0.7527539779681763,0.73,0.73,0.10400381546120542,0.10400381546120542,0,0,0,4.676065260999167
pilot,complex_local__strong__n500__nsim10,complex_local__strong__nsim10__n500__y8__seed20270420__pilot,complex_local,strong,500,10,8,3,25,30000,1729,20270420,rf_core_v1,kan_core_v1,rf,rf_core_v1,0,20270420,1.4301062657193766,-3.1578512771987577,-0.22574360306533325,-2.9321076741334244,2.9321076741334244,0.7527539779681763,0.73,0.73,0.10400381546120542,0.10400381546120542,0,0,0,4.676065260999167
pilot,complex_local__strong__n500__nsim10,complex_local__strong__nsim10__n500__y8__seed20270420__pilot,complex_local,strong,500,10,8,3,25,30000,1729,20270420,rf_core_v1,kan_core_v1,rf,rf_core_v1,0,20270420,2.084994231557355,-1.8626555515526153,-0.15300688401091045,-1.7096486675417049,1.7096486675417049,0.7527539779681763,0.73,0.73,0.10400381546120542,0.10400381546120542,0,0,0,4.676065260999167
pilot,complex_local__strong__n500__nsim10,complex_local__strong__nsim10__n500__y8__seed20270420__pilot,complex_local,strong,500,10,8,3,25,30000,1729,20270420,rf_core_v1,kan_core_v1,rf,rf_core_v1,0,20270420,3.83022120533295,-0.35088876321761164,-0.013464952158289023,-0.3374238110593226,0.3374238110593226,0.7527539779681763,0.73,0.73,0.10400381546120542,0.10400381546120542,0,0,0,4.676065260999167
pilot,complex_local__strong__n500__nsim10,complex_local__strong__nsim10__n500__y8__seed20270420__pilot,complex_local,strong,500,10,8,3,25,30000,1729,20270420,rf_core_v1,kan_core_v1,rf,rf_core_v1,1,20270421,-2.079879574396232,-0.3325387477256942,-0.009438455210633415,-0.3231002925150608,0.3231002925150608,0.7988004362050164,0.772,0.772,0.10308154878241874,0.10308154878241874,0,0,0,4.633608988999185
pilot,complex_local__strong__n500__nsim10,complex_local__strong__nsim10__n500__y8__seed20270420__pilot,complex_local,strong,500,10,8,3,25,30000,1729,20270420,rf_core_v1,kan_core_v1,rf,rf_core_v1,1,20270421,-0.5591981391718289,-2.042402981110378,-0.12395549205524527,-1.9184474890551326,1.9184474890551326,0.7988004362050164,0.772,0.772,0.10308154878241874,0.10308154878241874,0,0,0,4.633608988999185
pilot,complex_local__strong__n500__nsim10,complex_local__strong__nsim10__n500__y8__seed20270420__pilot,complex_local,strong,500,10,8,3,25,30000,1729,20270420,rf_core_v1,kan_core_v1,rf,rf_core_v1,1,20270421,0.030567932755841076,-2.499132224723597,-0.20461531800666752,-2.2945169067169293,2.2945169067169293,0.7988004362050164,0.772,0.772,0.10308154878241874,0.10308154878241874,0,0,0,4.633608988999185
pilot,complex_local__strong__n500__nsim10,complex_local__strong__nsim10__n500__y8__seed20270420__pilot,complex_local,strong,500,10,8,3,25,30000,1729,20270420,rf_core_v1,kan_core_v1,rf,rf_core_v1,1,20270421,0.49362239472828756,-2.956707957280886,-0.24301857384075848,-2.7136893834401272,2.7136893834401272,0.7988004362050164,0.772,0.772,0.10308154878241874,0.10308154878241874,0,0,0,4.633608988999185
pilot,complex_local__strong__n500__nsim10,complex_local__strong__nsim10__n500__y8__seed20270420__pilot,complex_local,strong,500,10,8,3,25,30000,1729,20270420,rf_core_v1,kan_core_v1,rf,rf_core_v1,1,20270421,0.9462497312576622,-3.182188075941305,-0.25146122873100407,-2.930726847210301,2.930726847210301,0.7988004362050164,0.772,0.772,0.10308154878241874,0.10308154878241874,0,0,0,4.633608988999185
pilot,complex_local__strong__n500__nsim10,complex_local__strong__nsim10__n500__y8__seed20270420__pilot,complex_local,strong,500,10,8,3,25,30000,1729,20270420,rf_core_v1,kan_core_v1,rf,rf_core_v1,1,20270421,1.4301062657193766,-2.8358730254060456,-0.22574360306533325,-2.6101294223407123,2.6101294223407123,0.7988004362050164,0.772,0.772,0.10308154878241874,0.10308154878241874,0,0,0,4.633608988999185
pilot,complex_local__strong__n500__nsim10,complex_local__strong__nsim10__n500__y8__seed20270420__pilot,complex_local,strong,500,10,8,3,25,30000,1729,20270420,rf_core_v1,kan_core_v1,rf,rf_core_v1,1,20270421,2.084994231557355,-1.9301815724882438,-0.15300688401091045,-1.7771746884773334,1.7771746884773334,0.7988004362050164,0.772,0.772,0.10308154878241874,0.10308154878241874,0,0,0,4.633608988999185
pilot,complex_local__strong__n500__nsim10,complex_local__strong__nsim10__n500__y8__seed20270420__pilot,complex_local,strong,500,10,8,3,25,30000,1729,20270420,rf_core_v1,kan_core_v1,rf,rf_core_v1,1,20270421,3.83022120533295,-0.06218257575803202,-0.013464952158289023,-0.048717623599743,0.048717623599743,0.7988004362050164,0.772,0.772,0.10308154878241874,0.10308154878241874,0,0,0,4.633608988999185
pilot,complex_local__strong__n500__nsim10,complex_local__strong__nsim10__n500__y8__seed20270420__pilot,complex_local,strong,500,10,8,3,25,30000,1729,20270420,rf_core_v1,kan_core_v1,rf,rf_core_v1,2,20270422,-2.079879574396232,-0.48163369018696783,-0.009438455210633415,-0.4721952349763344,0.4721952349763344,0.7749494949494949,0.774,0.774,0.1275040172411905,0.1275040172411905,0,0,0,4.651250669001456
pilot,complex_local__strong__n500__nsim10,complex_local__strong__nsim10__n500__y8__seed20270420__pilot,complex_local,strong,500,10,8,3,25,30000,1729,20270420,rf_core_v1,kan_core_v1,rf,rf_core_v1,2,20270422,-0.5591981391718289,-1.6169269025971382,-0.12395549205524527,-1.492971410541893,1.492971410541893,0.7749494949494949,0.774,0.774,0.1275040172411905,0.1275040172411905,0,0,0,4.651250669001456
pilot,complex_local__strong__n500__nsim10,complex_local__strong__nsim10__n500__y8__seed20270420__pilot,complex_local,strong,500,10,8,3,25,30000,1729,20270420,rf_core_v1,kan_core_v1,rf,rf_core_v1,2,20270422,0.030567932755841076,-2.656294989949329,-0.20461531800666752,-2.4516796719426615,2.4516796719426615,0.7749494949494949,0.774,0.774,0.1275040172411905,0.1275040172411905,0,0,0,4.651250669001456
pilot,complex_local__strong__n500__nsim10,complex_local__strong__nsim10__n500__y8__seed20270420__pilot,complex_local,strong,500,10,8,3,25,30000,1729,20270420,rf_core_v1,kan_core_v1,rf,rf_core_v1,2,20270422,0.49362239472828756,-2.6576584510550734,-0.24301857384075848,-2.4146398772143147,2.4146398772143147,0.7749494949494949,0.774,0.774,0.1275040172411905,0.1275040172411905,0,0,0,4.651250669001456
pilot,complex_local__strong__n500__nsim10,complex_local__strong__nsim10__n500__y8__seed20270420__pilot,complex_local,strong,500,10,8,3,25,30000,1729,20270420,rf_core_v1,kan_core_v1,rf,rf_core_v1,2,20270422,0.9462497312576622,-2.7290152208786234,-0.25146122873100407,-2.4775539921476195,2.4775539921476195,0.7749494949494949,0.774,0.774,0.1275040172411905,0.1275040172411905,0,0,0,4.651250669001456
pilot,complex_local__strong__n500__nsim10,complex_local__strong__nsim10__n500__y8__seed20270420__pilot,complex_local,strong,500,10,8,3,25,30000,1729,20270420,rf_core_v1,kan_core_v1,rf,rf_core_v1,2,20270422,1.4301062657193766,-2.8520092695315444,-0.22574360306533325,-2.626265666466211,2.626265666466211,0.7749494949494949,0.774,0.774,0.1275040172411905,0.1275040172411905,0,0,0,4.651250669001456
pilot,complex_local__strong__n500__nsim10,complex_local__strong__nsim10__n500__y8__seed20270420__pilot,complex_local,strong,500,10,8,3,25,30000,1729,20270420,rf_core_v1,kan_core_v1,rf,rf_core_v1,2,20270422,2.084994231557355,-2.0830926261125544,-0.15300688401091045,-1.930085742101644,1.930085742101644,0.7749494949494949,0.774,0.774,0.1275040172411905,0.1275040172411905,0,0,0,4.651250669001456
pilot,complex_local__strong__n500__nsim10,complex_local__strong__nsim10__n500__y8__seed20270420__pilot,complex_local,strong,500,10,8,3,25,30000,1729,20270420,rf_core_v1,kan_core_v1,rf,rf_core_v1,2,20270422,3.83022120533295,-0.12661013009897928,-0.013464952158289023,-0.11314517794069026,0.11314517794069026,0.7749494949494949,0.774,0.774,0.1275040172411905,0.1275040172411905,0,0,0,4.651250669001456
pilot,complex_local__strong__n500__nsim10,complex_local__strong__nsim10__n500__y8__seed20270420__pilot,complex_local,strong,500,10,8,3,25,30000,1729,20270420,rf_core_v1,kan_core_v1,rf,rf_core_v1,3,20270423,-2.079879574396232,-0.04763411463419412,-0.009438455210633415,-0.03819565942356071,0.03819565942356071,0.7923011567871381,0.76,0.76,0.10417981414942917,0.10417981414942917,0,0,0,4.656596797998645
pilot,complex_local__strong__n500__nsim10,complex_local__strong__nsim10__n500__y8__seed20270420__pilot,complex_local,strong,500,10,8,3,25,30000,1729,20270420,rf_core_v1,kan_core_v1,rf,rf_core_v1,3,20270423,-0.5591981391718289,-1.8004530901806042,-0.12395549205524527,-1.676497598125359,1.676497598125359,0.7923011567871381,0.76,0.76,0.10417981414942917,0.10417981414942917,0,0,0,4.656596797998645
pilot,complex_local__strong__n500__nsim10,complex_local__strong__nsim10__n500__y8__seed20270420__pilot,complex_local,strong,500,10,8,3,25,30000,1729,20270420,rf_core_v1,kan_core_v1,rf,rf_core_v1,3,20270423,0.030567932755841076,-2.7802033965761197,-0.20461531800666752,-2.575588078569452,2.575588078569452,0.7923011567871381,0.76,0.76,0.10417981414942917,0.10417981414942917,0,0,0,4.656596797998645
pilot,complex_local__strong__n500__nsim10,complex_local__strong__nsim10__n500__y8__seed20270420__pilot,complex_local,strong,500,10,8,3,25,30000,1729,20270420,rf_core_v1,kan_core_v1,rf,rf_core_v1,3,20270423,0.49362239472828756,-2.9255014541428563,-0.24301857384075848,-2.6824828803020977,2.6824828803020977,0.7923011567871381,0.76,0.76,0.10417981414942917,0.10417981414942917,0,0,0,4.656596797998645
pilot,complex_local__strong__n500__nsim10,complex_local__strong__nsim10__n500__y8__seed20270420__pilot,complex_local,strong,500,10,8,3,25,30000,1729,20270420,rf_core_v1,kan_core_v1,rf,rf_core_v1,3,20270423,0.9462497312576622,-3.222741626371253,-0.25146122873100407,-2.971280397640249,2.971280397640249,0.7923011567871381,0.76,0.76,0.10417981414942917,0.10417981414942917,0,0,0,4.656596797998645
pilot,complex_local__strong__n500__nsim10,complex_local__strong__nsim10__n500__y8__seed20270420__pilot,complex_local,strong,500,10,8,3,25,30000,1729,20270420,rf_core_v1,kan_core_v1,rf,rf_core_v1,3,20270423,1.4301062657193766,-2.8678358357425737,-0.22574360306533325,-2.6420922326772405,2.6420922326772405,0.7923011567871381,0.76,0.76,0.10417981414942917,0.10417981414942917,0,0,0,4.656596797998645
pilot,complex_local__strong__n500__nsim10,complex_local__strong__nsim10__n500__y8__seed20270420__pilot,complex_local,strong,500,10,8,3,25,30000,1729,20270420,rf_core_v1,kan_core_v1,rf,rf_core_v1,3,20270423,2.084994231557355,-2.093263120843453,-0.15300688401091045,-1.9402562368325424,1.9402562368325424,0.7923011567871381,0.76,0.76,0.10417981414942917,0.10417981414942917,0,0,0,4.656596797998645
pilot,complex_local__strong__n500__nsim10,complex_local__strong__nsim10__n500__y8__seed20270420__pilot,complex_local,strong,500,10,8,3,25,30000,1729,20270420,rf_core_v1,kan_core_v1,rf,rf_core_v1,3,20270423,3.83022120533295,-0.2931082507312896,-0.013464952158289023,-0.2796432985730006,0.2796432985730006,0.7923011567871381,0.76,0.76,0.10417981414942917,0.10417981414942917,0,0,0,4.656596797998645
pilot,complex_local__strong__n500__nsim10,complex_local__strong__nsim10__n500__y8__seed20270420__pilot,complex_local,strong,500,10,8,3,25,30000,1729,20270420,rf_core_v1,kan_core_v1,rf,rf_core_v1,4,20270424,-2.079879574396232,-0.24324110250873718,-0.009438455210633415,-0.23380264729810377,0.23380264729810377,0.735632183908046,0.764,0.764,0.13744960599291034,0.13744960599291034,0,0,0,4.603459160000057
pilot,complex_local__strong__n500__nsim10,complex_local__strong__nsim10__n500__y8__seed20270420__pilot,complex_local,strong,500,10,8,3,25,30000,1729,20270420,rf_core_v1,kan_core_v1,rf,rf_core_v1,4,20270424,-0.5591981391718289,-2.2606684148458305,-0.12395549205524527,-2.136712922790585,2.136712922790585,0.735632183908046,0.764,0.764,0.13744960599291034,0.13744960599291034,0,0,0,4.603459160000057
pilot,complex_local__strong__n500__nsim10,complex_local__strong__nsim10__n500__y8__seed20270420__pilot,complex_local,strong,500,10,8,3,25,30000,1729,20270420,rf_core_v1,kan_core_v1,rf,rf_core_v1,4,20270424,0.030567932755841076,-3.161462263724881,-0.20461531800666752,-2.956846945718213,2.956846945718213,0.735632183908046,0.764,0.764,0.13744960599291034,0.13744960599291034,0,0,0,4.603459160000057
pilot,complex_local__strong__n500__nsim10,complex_local__strong__nsim10__n500__y8__seed20270420__pilot,complex_local,strong,500,10,8,3,25,30000,1729,20270420,rf_core_v1,kan_core_v1,rf,rf_core_v1,4,20270424,0.49362239472828756,-2.948736602446819,-0.24301857384075848,-2.7057180286060603,2.7057180286060603,0.735632183908046,0.764,0.764,0.13744960599291034,0.13744960599291034,0,0,0,4.603459160000057
pilot,complex_local__strong__n500__nsim10,complex_local__strong__nsim10__n500__y8__seed20270420__pilot,complex_local,strong,500,10,8,3,25,30000,1729,20270420,rf_core_v1,kan_core_v1,rf,rf_core_v1,4,20270424,0.9462497312576622,-3.1102557888406888,-0.25146122873100407,-2.8587945601096845,2.8587945601096845,0.735632183908046,0.764,0.764,0.13744960599291034,0.13744960599291034,0,0,0,4.603459160000057
pilot,complex_local__strong__n500__nsim10,complex_local__strong__nsim10__n500__y8__seed20270420__pilot,complex_local,strong,500,10,8,3,25,30000,1729,20270420,rf_core_v1,kan_core_v1,rf,rf_core_v1,4,20270424,1.4301062657193766,-2.6328631414398993,-0.22574360306533325,-2.407119538374566,2.407119538374566,0.735632183908046,0.764,0.764,0.13744960599291034,0.13744960599291034,0,0,0,4.603459160000057
pilot,complex_local__strong__n500__nsim10,complex_local__strong__nsim10__n500__y8__seed20270420__pilot,complex_local,strong,500,10,8,3,25,30000,1729,20270420,rf_core_v1,kan_core_v1,rf,rf_core_v1,4,20270424,2.084994231557355,-1.6118242823548306,-0.15300688401091045,-1.45881739834392,1.45881739834392,0.735632183908046,0.764,0.764,0.13744960599291034,0.13744960599291034,0,0,0,4.603459160000057
pilot,complex_local__strong__n500__nsim10,complex_local__strong__nsim10__n500__y8__seed20270420__pilot,complex_local,strong,500,10,8,3,25,30000,1729,20270420,rf_core_v1,kan_core_v1,rf,rf_core_v1,4,20270424,3.83022120533295,-0.05672641696244235,-0.013464952158289023,-0.04326146480415333,0.04326146480415333,0.735632183908046,0.764,0.764,0.13744960599291034,0.13744960599291034,0,0,0,4.603459160000057
pilot,complex_local__strong__n500__nsim10,complex_local__strong__nsim10__n500__y8__seed20270420__pilot,complex_local,strong,500,10,8,3,25,30000,1729,20270420,rf_core_v1,kan_core_v1,rf,rf_core_v1,5,20270425,-2.079879574396232,-0.27978339675882286,-0.009438455210633415,-0.27034494154818944,0.27034494154818944,0.7711308501414994,0.756,0.756,0.1479438405967045,0.1479438405967045,0,0,0,4.672293217998231
pilot,complex_local__strong__n500__nsim10,complex_local__strong__nsim10__n500__y8__seed20270420__pilot,complex_local,strong,500,10,8,3,25,30000,1729,20270420,rf_core_v1,kan_core_v1,rf,rf_core_v1,5,20270425,-0.5591981391718289,-1.86000452443039,-0.12395549205524527,-1.7360490323751447,1.7360490323751447,0.7711308501414994,0.756,0.756,0.1479438405967045,0.1479438405967045,0,0,0,4.672293217998231
pilot,complex_local__strong__n500__nsim10,complex_local__strong__nsim10__n500__y8__seed20270420__pilot,complex_local,strong,500,10,8,3,25,30000,1729,20270420,rf_core_v1,kan_core_v1,rf,rf_core_v1,5,20270425,0.030567932755841076,-2.3233748064201616,-0.20461531800666752,-2.118759488413494,2.118759488413494,0.7711308501414994,0.756,0.756,0.1479438405967045,0.1479438405967045,0,0,0,4.672293217998231
pilot,complex_local__strong__n500__nsim10,complex_local__strong__nsim10__n500__y8__seed20270420__pilot,complex_local,strong,500,10,8,3,25,30000,1729,20270420,rf_core_v1,kan_core_v1,rf,rf_core_v1,5,20270425,0.49362239472828756,-2.6918697843668418,-0.24301857384075848,-2.448851210526083,2.448851210526083,0.7711308501414994,0.756,0.756,0.1479438405967045,0.1479438405967045,0,0,0,4.672293217998231
pilot,complex_local__strong__n500__nsim10,complex_local__strong__nsim10__n500__y8__seed20270420__pilot,complex_local,strong,500,10,8,3,25,30000,1729,20270420,rf_core_v1,kan_core_v1,rf,rf_core_v1,5,20270425,0.9462497312576622,-2.428975897699901,-0.25146122873100407,-2.1775146689688967,2.1775146689688967,0.7711308501414994,0.756,0.756,0.1479438405967045,0.1479438405967045,0,0,0,4.672293217998231
pilot,complex_local__strong__n500__nsim10,complex_local__strong__nsim10__n500__y8__seed20270420__pilot,complex_local,strong,500,10,8,3,25,30000,1729,20270420,rf_core_v1,kan_core_v1,rf,rf_core_v1,5,20270425,1.4301062657193766,-1.9881258400753794,-0.22574360306533325,-1.7623822370100461,1.7623822370100461,0.7711308501414994,0.756,0.756,0.1479438405967045,0.1479438405967045,0,0,0,4.672293217998231
pilot,complex_local__strong__n500__nsim10,complex_local__strong__nsim10__n500__y8__seed20270420__pilot,complex_local,strong,500,10,8,3,25,30000,1729,20270420,rf_core_v1,kan_core_v1,rf,rf_core_v1,5,20270425,2.084994231557355,-1.3007018130891905,-0.15300688401091045,-1.14769492907828,1.14769492907828,0.7711308501414994,0.756,0.756,0.1479438405967045,0.1479438405967045,0,0,0,4.672293217998231
pilot,complex_local__strong__n500__nsim10,complex_local__strong__nsim10__n500__y8__seed20270420__pilot,complex_local,strong,500,10,8,3,25,30000,1729,20270420,rf_core_v1,kan_core_v1,rf,rf_core_v1,5,20270425,3.83022120533295,-0.17735228798964872,-0.013464952158289023,-0.1638873358313597,0.1638873358313597,0.7711308501414994,0.756,0.756,0.1479438405967045,0.1479438405967045,0,0,0,4.672293217998231
pilot,complex_local__strong__n500__nsim10,complex_local__strong__nsim10__n500__y8__seed20270420__pilot,complex_local,strong,500,10,8,3,25,30000,1729,20270420,rf_core_v1,kan_core_v1,rf,rf_core_v1,6,20270426,-2.079879574396232,-0.2153619578253338,-0.009438455210633415,-0.20592350261470038,0.20592350261470038,0.7674993047717198,0.786,0.786,0.126507848009805,0.126507848009805,0,0,0,4.66542831300103
pilot,complex_local__strong__n500__nsim10,complex_local__strong__nsim10__n500__y8__seed20270420__pilot,complex_local,strong,500,10,8,3,25,30000,1729,20270420,rf_core_v1,kan_core_v1,rf,rf_core_v1,6,20270426,-0.5591981391718289,-1.1890302100250834,-0.12395549205524527,-1.065074717969838,1.065074717969838,0.7674993047717198,0.786,0.786,0.126507848009805,0.126507848009805,0,0,0,4.66542831300103
pilot,complex_local__strong__n500__nsim10,complex_local__strong__nsim10__n500__y8__seed20270420__pilot,complex_local,strong,500,10,8,3,25,30000,1729,20270420,rf_core_v1,kan_core_v1,rf,rf_core_v1,6,20270426,0.030567932755841076,-1.8784980019921766,-0.20461531800666752,-1.6738826839855092,1.6738826839855092,0.7674993047717198,0.786,0.786,0.126507848009805,0.126507848009805,0,0,0,4.66542831300103
pilot,complex_local__strong__n500__nsim10,complex_local__strong__nsim10__n500__y8__seed20270420__pilot,complex_local,strong,500,10,8,3,25,30000,1729,20270420,rf_core_v1,kan_core_v1,rf,rf_core_v1,6,20270426,0.49362239472828756,-2.248368709167631,-0.24301857384075848,-2.0053501353268723,2.0053501353268723,0.7674993047717198,0.786,0.786,0.126507848009805,0.126507848009805,0,0,0,4.66542831300103
pilot,complex_local__strong__n500__nsim10,complex_local__strong__nsim10__n500__y8__seed20270420__pilot,complex_local,strong,500,10,8,3,25,30000,1729,20270420,rf_core_v1,kan_core_v1,rf,rf_core_v1,6,20270426,0.9462497312576622,-2.117866303902234,-0.25146122873100407,-1.8664050751712298,1.8664050751712298,0.7674993047717198,0.786,0.786,0.126507848009805,0.126507848009805,0,0,0,4.66542831300103
pilot,complex_local__strong__n500__nsim10,complex_local__strong__nsim10__n500__y8__seed20270420__pilot,complex_local,strong,500,10,8,3,25,30000,1729,20270420,rf_core_v1,kan_core_v1,rf,rf_core_v1,6,20270426,1.4301062657193766,-2.3909316671779477,-0.22574360306533325,-2.1651880641126144,2.1651880641126144,0.7674993047717198,0.786,0.786,0.126507848009805,0.126507848009805,0,0,0,4.66542831300103
pilot,complex_local__strong__n500__nsim10,complex_local__strong__nsim10__n500__y8__seed20270420__pilot,complex_local,strong,500,10,8,3,25,30000,1729,20270420,rf_core_v1,kan_core_v1,rf,rf_core_v1,6,20270426,2.084994231557355,-1.2172683553756516,-0.15300688401091045,-1.0642614713647411,1.0642614713647411,0.7674993047717198,0.786,0.786,0.126507848009805,0.126507848009805,0,0,0,4.66542831300103
pilot,complex_local__strong__n500__nsim10,complex_local__strong__nsim10__n500__y8__seed20270420__pilot,complex_local,strong,500,10,8,3,25,30000,1729,20270420,rf_core_v1,kan_core_v1,rf,rf_core_v1,6,20270426,3.83022120533295,-0.3646725639868471,-0.013464952158289023,-0.3512076118285581,0.3512076118285581,0.7674993047717198,0.786,0.786,0.126507848009805,0.126507848009805,0,0,0,4.66542831300103
pilot,complex_local__strong__n500__nsim10,complex_local__strong__nsim10__n500__y8__seed20270420__pilot,complex_local,strong,500,10,8,3,25,30000,1729,20270420,rf_core_v1,kan_core_v1,rf,rf_core_v1,7,20270427,-2.079879574396232,-0.14545819571587132,-0.009438455210633415,-0.1360197405052379,0.1360197405052379,0.7715832029212312,0.77,0.77,0.09780715761373732,0.09780715761373732,0,0,0,4.700236299999233
pilot,complex_local__strong__n500__nsim10,complex_local__strong__nsim10__n500__y8__seed20270420__pilot,complex_local,strong,500,10,8,3,25,30000,1729,20270420,rf_core_v1,kan_core_v1,rf,rf_core_v1,7,20270427,-0.5591981391718289,-2.2759852915998366,-0.12395549205524527,-2.152029799544591,2.152029799544591,0.7715832029212312,0.77,0.77,0.09780715761373732,0.09780715761373732,0,0,0,4.700236299999233
pilot,complex_local__strong__n500__nsim10,complex_local__strong__nsim10__n500__y8__seed20270420__pilot,complex_local,strong,500,10,8,3,25,30000,1729,20270420,rf_core_v1,kan_core_v1,rf,rf_core_v1,7,20270427,0.030567932755841076,-2.8411163560551267,-0.20461531800666752,-2.636501038048459,2.636501038048459,0.7715832029212312,0.77,0.77,0.09780715761373732,0.09780715761373732,0,0,0,4.700236299999233
pilot,complex_local__strong__n500__nsim10,complex_local__strong__nsim10__n500__y8__seed20270420__pilot,complex_local,strong,500,10,8,3,25,30000,1729,20270420,rf_core_v1,kan_core_v1,rf,rf_core_v1,7,20270427,0.49362239472828756,-3.441114490092869,-0.24301857384075848,-3.1980959162521105,3.1980959162521105,0.7715832029212312,0.77,0.77,0.09780715761373732,0.09780715761373732,0,0,0,4.700236299999233
pilot,complex_local__strong__n500__nsim10,complex_local__strong__nsim10__n500__y8__seed20270420__pilot,complex_local,strong,500,10,8,3,25,30000,1729,20270420,rf_core_v1,kan_core_v1,rf,rf_core_v1,7,20270427,0.9462497312576622,-2.951383502966028,-0.25146122873100407,-2.699922274235024,2.699922274235024,0.7715832029212312,0.77,0.77,0.09780715761373732,0.09780715761373732,0,0,0,4.700236299999233
pilot,complex_local__strong__n500__nsim10,complex_local__strong__nsim10__n500__y8__seed20270420__pilot,complex_local,strong,500,10,8,3,25,30000,1729,20270420,rf_core_v1,kan_core_v1,rf,rf_core_v1,7,20270427,1.4301062657193766,-2.277227737953889,-0.22574360306533325,-2.0514841348885557,2.0514841348885557,0.7715832029212312,0.77,0.77,0.09780715761373732,0.09780715761373732,0,0,0,4.700236299999233
pilot,complex_local__strong__n500__nsim10,complex_local__strong__nsim10__n500__y8__seed20270420__pilot,complex_local,strong,500,10,8,3,25,30000,1729,20270420,rf_core_v1,kan_core_v1,rf,rf_core_v1,7,20270427,2.084994231557355,-2.392429257679637,-0.15300688401091045,-2.2394223736687264,2.2394223736687264,0.7715832029212312,0.77,0.77,0.09780715761373732,0.09780715761373732,0,0,0,4.700236299999233
pilot,complex_local__strong__n500__nsim10,complex_local__strong__nsim10__n500__y8__seed20270420__pilot,complex_local,strong,500,10,8,3,25,30000,1729,20270420,rf_core_v1,kan_core_v1,rf,rf_core_v1,7,20270427,3.83022120533295,-0.3438128536407102,-0.013464952158289023,-0.33034790148242116,0.33034790148242116,0.7715832029212312,0.77,0.77,0.09780715761373732,0.09780715761373732,0,0,0,4.700236299999233
pilot,complex_local__strong__n500__nsim10,complex_local__strong__nsim10__n500__y8__seed20270420__pilot,complex_local,strong,500,10,8,3,25,30000,1729,20270420,rf_core_v1,kan_core_v1,rf,rf_core_v1,8,20270428,-2.079879574396232,-0.06214838938273029,-0.009438455210633415,-0.05270993417209688,0.05270993417209688,0.7788561076604554,0.764,0.764,0.12960895412855392,0.12960895412855392,0,0,0,4.640415276000567
pilot,complex_local__strong__n500__nsim10,complex_local__strong__nsim10__n500__y8__seed20270420__pilot,complex_local,strong,500,10,8,3,25,30000,1729,20270420,rf_core_v1,kan_core_v1,rf,rf_core_v1,8,20270428,-0.5591981391718289,-1.3856030207805097,-0.12395549205524527,-1.2616475287252644,1.2616475287252644,0.7788561076604554,0.764,0.764,0.12960895412855392,0.12960895412855392,0,0,0,4.640415276000567
pilot,complex_local__strong__n500__nsim10,complex_local__strong__nsim10__n500__y8__seed20270420__pilot,complex_local,strong,500,10,8,3,25,30000,1729,20270420,rf_core_v1,kan_core_v1,rf,rf_core_v1,8,20270428,0.030567932755841076,-2.504167630321028,-0.20461531800666752,-2.2995523123143604,2.2995523123143604,0.7788561076604554,0.764,0.764,0.12960895412855392,0.12960895412855392,0,0,0,4.640415276000567
pilot,complex_local__strong__n500__nsim10,complex_local__strong__nsim10__n500__y8__seed20270420__pilot,complex_local,strong,500,10,8,3,25,30000,1729,20270420,rf_core_v1,kan_core_v1,rf,rf_core_v1,8,20270428,0.49362239472828756,-2.9191392299037213,-0.24301857384075848,-2.6761206560629627,2.6761206560629627,0.7788561076604554,0.764,0.764,0.12960895412855392,0.12960895412855392,0,0,0,4.640415276000567
pilot,complex_local__strong__n500__nsim10,complex_local__strong__nsim10__n500__y8__seed20270420__pilot,complex_local,strong,500,10,8,3,25,30000,1729,20270420,rf_core_v1,kan_core_v1,rf,rf_core_v1,8,20270428,0.9462497312576622,-2.4653824967774685,-0.25146122873100407,-2.213921268046464,2.213921268046464,0.7788561076604554,0.764,0.764,0.12960895412855392,0.12960895412855392,0,0,0,4.640415276000567
pilot,complex_local__strong__n500__nsim10,complex_local__strong__nsim10__n500__y8__seed20270420__pilot,complex_local,strong,500,10,8,3,25,30000,1729,20270420,rf_core_v1,kan_core_v1,rf,rf_core_v1,8,20270428,1.4301062657193766,-2.1736436732354045,-0.22574360306533325,-1.9479000701700713,1.9479000701700713,0.7788561076604554,0.764,0.764,0.12960895412855392,0.12960895412855392,0,0,0,4.640415276000567
pilot,complex_local__strong__n500__nsim10,complex_local__strong__nsim10__n500__y8__seed20270420__pilot,complex_local,strong,500,10,8,3,25,30000,1729,20270420,rf_core_v1,kan_core_v1,rf,rf_core_v1,8,20270428,2.084994231557355,-1.3923544460175545,-0.15300688401091045,-1.239347562006644,1.239347562006644,0.7788561076604554,0.764,0.764,0.12960895412855392,0.12960895412855392,0,0,0,4.640415276000567
pilot,complex_local__strong__n500__nsim10,complex_local__strong__nsim10__n500__y8__seed20270420__pilot,complex_local,strong,500,10,8,3,25,30000,1729,20270420,rf_core_v1,kan_core_v1,rf,rf_core_v1,8,20270428,3.83022120533295,-0.10282772027478006,-0.013464952158289023,-0.08936276811649103,0.08936276811649103,0.7788561076604554,0.764,0.764,0.12960895412855392,0.12960895412855392,0,0,0,4.640415276000567
pilot,complex_local__strong__n500__nsim10,complex_local__strong__nsim10__n500__y8__seed20270420__pilot,complex_local,strong,500,10,8,3,25,30000,1729,20270420,rf_core_v1,kan_core_v1,rf,rf_core_v1,9,20270429,-2.079879574396232,-0.3296191955640834,-0.009438455210633415,-0.32018074035345,0.32018074035345,0.7409646428338017,0.768,0.768,0.14118087447380798,0.14118087447380798,0,0,0,4.523280434001208
pilot,complex_local__strong__n500__nsim10,complex_local__strong__nsim10__n500__y8__seed20270420__pilot,complex_local,strong,500,10,8,3,25,30000,1729,20270420,rf_core_v1,kan_core_v1,rf,rf_core_v1,9,20270429,-0.5591981391718289,-1.6971395203130966,-0.12395549205524527,-1.5731840282578513,1.5731840282578513,0.7409646428338017,0.768,0.768,0.14118087447380798,0.14118087447380798,0,0,0,4.523280434001208
pilot,complex_local__strong__n500__nsim10,complex_local__strong__nsim10__n500__y8__seed20270420__pilot,complex_local,strong,500,10,8,3,25,30000,1729,20270420,rf_core_v1,kan_core_v1,rf,rf_core_v1,9,20270429,0.030567932755841076,-2.0123626404361143,-0.20461531800666752,-1.807747322429447,1.807747322429447,0.7409646428338017,0.768,0.768,0.14118087447380798,0.14118087447380798,0,0,0,4.523280434001208
pilot,complex_local__strong__n500__nsim10,complex_local__strong__nsim10__n500__y8__seed20270420__pilot,complex_local,strong,500,10,8,3,25,30000,1729,20270420,rf_core_v1,kan_core_v1,rf,rf_core_v1,9,20270429,0.49362239472828756,-2.189829943283621,-0.24301857384075848,-1.9468113694428626,1.9468113694428626,0.7409646428338017,0.768,0.768,0.14118087447380798,0.14118087447380798,0,0,0,4.523280434001208
pilot,complex_local__strong__n500__nsim10,complex_local__strong__nsim10__n500__y8__seed20270420__pilot,complex_local,strong,500,10,8,3,25,30000,1729,20270420,rf_core_v1,kan_core_v1,rf,rf_core_v1,9,20270429,0.9462497312576622,-2.1866300052675665,-0.25146122873100407,-1.9351687765365624,1.9351687765365624,0.7409646428338017,0.768,0.768,0.14118087447380798,0.14118087447380798,0,0,0,4.523280434001208
pilot,complex_local__strong__n500__nsim10,complex_local__strong__nsim10__n500__y8__seed20270420__pilot,complex_local,strong,500,10,8,3,25,30000,1729,20270420,rf_core_v1,kan_core_v1,rf,rf_core_v1,9,20270429,1.4301062657193766,-1.8774377945954845,-0.22574360306533325,-1.6516941915301513,1.6516941915301513,0.7409646428338017,0.768,0.768,0.14118087447380798,0.14118087447380798,0,0,0,4.523280434001208
pilot,complex_local__strong__n500__nsim10,complex_local__strong__nsim10__n500__y8__seed20270420__pilot,complex_local,strong,500,10,8,3,25,30000,1729,20270420,rf_core_v1,kan_core_v1,rf,rf_core_v1,9,20270429,2.084994231557355,-1.3856073033915057,-0.15300688401091045,-1.2326004193805953,1.2326004193805953,0.7409646428338017,0.768,0.768,0.14118087447380798,0.14118087447380798,0,0,0,4.523280434001208
pilot,complex_local__strong__n500__nsim10,complex_local__strong__nsim10__n500__y8__seed20270420__pilot,complex_local,strong,500,10,8,3,25,30000,1729,20270420,rf_core_v1,kan_core_v1,rf,rf_core_v1,9,20270429,3.83022120533295,-0.1795243997611851,-0.013464952158289023,-0.16605944760289607,0.16605944760289607,0.7409646428338017,0.768,0.768,0.14118087447380798,0.14118087447380798,0,0,0,4.523280434001208
