y,avg_bias,rmse
-0.15103614829058998,0.0005,0.0005
-0.13924852572795743,-0.03793101130946906,0.03793101130946906
0.3238567299212436,0.0005,0.0005
0.3288396561741269,0.0005,0.0005
0.4289042169703192,0.0005,0.0005
0.8424827624565614,0.0005,0.0005
0.9956312937035898,0.0005,0.0005
1.0726159580368195,0.0005,0.0005
1.0857994140151241,0.0005,0.0005
1.0874361423529182,0.0005,0.0005
1.1412579918109031,0.0005,0.0005
1.217923948763492,0.0005,0.0005
1.22189573314179,0.0005,0.0005
1.2224686697700342,-0.03793101130946906,0.03793101130946906
1.280388037789228,0.0005,0.0005
1.3204259538139862,-0.04787869306671049,0.04787869306671049
1.3883060142616621,0.0005,0.0005
1.4521452427537929,0.0005,0.0005
1.4812806149992994,-0.03323183204683733,0.03323183204683733
1.499459832718344,0.0005,0.0005
1.5441023869946076,0.0005,0.0005
1.6503227237939306,-0.037227786997518206,0.037227786997518206
1.666615002254094,0.0005,0.0005
1.6669785201214031,0.0005,0.0005
1.75555838234187,0.0005,0.0005
1.7768655700993767,0.0005,0.0005
1.7883762507846424,0.0005,0.0005
1.7888787228499092,0.0005,0.0005
1.7889713821746707,-0.057283732333025895,0.057283732333025895
1.79693033513787,0.0005,0.0005
1.8038638316391467,0.0005,0.0005
1.8361281085967454,-0.04759986180315926,0.04759986180315926
1.840857579998068,0.0005,0.0005
1.8523492378227608,-0.04756332720623711,0.04756332720623711
1.857292004460703,-0.044020478349519346,0.044020478349519346
1.9688025102432434,0.0005,0.0005
1.9914959401395462,0.0005,0.0005
2.012233613054815,0.0005,0.0005
2.0243277799828308,-0.060313132836255015,0.060313132836255015
2.066705433268437,0.0005,0.0005
2.0987176500694646,0.0005,0.0005
2.1273024285753275,0.0005,0.0005
2.136896659931069,0.0005,0.0005
2.1499008801035275,0.0005,0.0005
2.167028972387393,0.0005,0.0005
2.196916910725095,-0.04992079159756148,0.04992079159756148
2.2497592523460908,0.0005,0.0005
2.2558287122668315,-0.038435760263999794,0.038435760263999794
2.2692344218665133,-0.04757353529216945,0.04757353529216945
2.289874235827752,0.0005,0.0005
2.339952970852135,0.001,0.001
2.374438234829463,0.0005,0.0005
2.386561558721427,0.0005,0.0005
2.4109660707400073,-0.05220143555820914,0.05220143555820914
2.421262776105668,0.0005,0.0005
2.430400177953464,0.0015,0.0015
2.4688713035966385,0.001,0.001
2.4899274793676707,0.002,0.002
2.515091323796808,-0.039351941772043646,0.039351941772043646
2.5619002407620277,0.0005,0.0005
2.584185865268026,-0.03743101130946906,0.03743101130946906
2.586884045817574,-0.03806782439966352,0.03806782439966352
2.613476625937375,-0.09071779084929509,0.09071779084929509
2.654655149469895,0.0005,0.0005
2.714516437389454,0.0015,0.0015
2.7595402523200923,0.001,0.001
2.761665672690197,0.0005,0.0005
2.7722343088453565,-0.03073183204683733,0.03073183204683733
2.783792802966569,-0.046594154954869814,0.046594154954869814
2.838677334531779,0.0005,0.0005
2.8985624601113518,-0.036227786997518205,0.036227786997518205
2.931084339383342,-0.04583566998117872,0.04583566998117872
2.9944490182447376,-0.07698942808291288,0.07698942808291288
3.0051173840686793,-0.06616212766986539,0.06616212766986539
3.0093732745869444,0.0025,0.0025
3.042642837679749,-0.11020653170516936,0.11020653170516936
3.056749169180573,-0.06464306721649236,0.06464306721649236
3.060427675910799,-0.10218769534673244,0.10218769534673244
3.0800275853543093,0.002,0.002
3.101831856266932,-0.042020478349519344,0.042020478349519344
3.1135885348654275,-0.049593380341962194,0.049593380341962194
3.1248269232284343,-0.1315534876636997,0.1315534876636997
3.1416579495375343,-0.04709986180315926,0.04709986180315926
3.1437858141575825,-0.09654659706920964,0.09654659706920964
3.1896666514358474,-0.11150058441049038,0.11150058441049038
3.232143731081388,-0.15127814024205938,0.15127814024205938
3.236151291716215,-0.11093754301535166,0.11093754301535166
3.2375245425911467,-0.03654705291611945,0.03654705291611945
3.307502963255067,-0.1668688234260624,0.1668688234260624
3.3083470128499544,-0.04211728418512623,0.04211728418512623
3.3695782372994607,0.002,0.002
3.393604282820167,-0.09217830914062866,0.09217830914062866
3.418338503334354,-0.05481141851945993,0.05481141851945993
3.419326059449133,-0.07913187726743721,0.07913187726743721
3.431281666463539,-0.08699250617586515,0.08699250617586515
3.4313105574055767,-0.044124333532955924,0.044124333532955924
3.536120225255801,-0.24752273589615204,0.24752273589615204
3.539092411102967,-0.19524867976644714,0.19524867976644714
3.5408776095389385,0.0045,0.0045
3.5530842637274045,-0.06921346610039517,0.06921346610039517
3.5886468263995983,-0.05800361914386104,0.05800361914386104
3.617238379252636,-0.2574799104013271,0.2574799104013271
3.6842746480006805,-0.058896776834798374,0.058896776834798374
3.7012675604004333,-0.11348331206286077,0.11348331206286077
3.7344959991270965,-0.2111549516569908,0.2111549516569908
3.749794609804388,-0.13289999876209435,0.13289999876209435
3.757959225593551,-0.1597862518606501,0.1597862518606501
3.7589182747515935,-0.2264155883185727,0.2264155883185727
3.775000941891804,-0.2853888042707594,0.2853888042707594
3.8651266491564575,-0.18814250502717847,0.18814250502717847
3.879164172661355,-0.16084735308656645,0.16084735308656645
3.9065272980607637,-0.17316731969727459,0.17316731969727459
3.9459030607660175,-0.31521482697381603,0.31521482697381603
3.9558441428716566,-0.17476782180168723,0.17476782180168723
3.9768876320251154,-0.13273663863376506,0.13273663863376506
3.9792289583857867,-0.19207058708522873,0.19207058708522873
4.063188002691414,-0.18538050559727573,0.18538050559727573
4.068125773214794,-0.1393175153939639,0.1393175153939639
4.111338722552699,-0.20604865174892856,0.20604865174892856
4.130774490378522,-0.16786798664520247,0.16786798664520247
4.146802196428773,-0.13146347264868152,0.13146347264868152
4.1768375217757505,-0.2660129918377889,0.2660129918377889
4.233339654147606,-0.1796665136477233,0.1796665136477233
4.296314293184827,-0.2620577330299847,0.2620577330299847
4.323925016683728,-0.21592631302065027,0.21592631302065027
4.325122087576504,-0.08881141414737853,0.08881141414737853
4.343256248015956,-0.11612143100944042,0.11612143100944042
4.3463717080731605,-0.1522737681277848,0.1522737681277848
4.352131546919795,-0.25047489827747405,0.25047489827747405
4.3711764478587085,-0.42896157104340915,0.42896157104340915
4.410530792628451,-0.5531060263461335,0.5531060263461335
4.423313238091708,-0.22655857379956446,0.22655857379956446
4.435222390492404,-0.392118912054472,0.392118912054472
4.447187790478323,-0.5156661528150648,0.5156661528150648
4.460068970377616,-0.35199487874233343,0.35199487874233343
4.472788276357492,-0.1729018429528344,0.1729018429528344
4.483553145042748,-0.187656410664527,0.187656410664527
4.549988592431472,-0.2722493280763888,0.2722493280763888
4.589255594495393,-0.4172599466212417,0.4172599466212417
4.590678146527304,-0.5750137485735292,0.5750137485735292
4.620179593252941,-0.3199257019191973,0.3199257019191973
4.623429882164709,-0.19434056931099325,0.19434056931099325
4.6656464222019824,-0.2587095056415483,0.2587095056415483
4.70937457809338,-0.17456702055907888,0.17456702055907888
4.725724454880084,-0.3886698084184606,0.3886698084184606
4.739934468828801,-0.23530336630249288,0.23530336630249288
4.79073209407777,-0.357285029315273,0.357285029315273
4.791880983250124,-0.3156689421495284,0.3156689421495284
4.803006028645088,-0.7200314051405068,0.7200314051405068
4.822356109939102,-0.6164798560873275,0.6164798560873275
4.856409275108718,-0.5185583642647832,0.5185583642647832
4.860038523675808,-0.7645395481794671,0.7645395481794671
4.955936308741158,-0.5420628808225294,0.5420628808225294
4.981272344695198,-0.5691307845952565,0.5691307845952565
4.984497895811968,-0.7092433040684614,0.7092433040684614
5.025990971819431,-0.5638247555069574,0.5638247555069574
5.028596325149226,-0.4272181710835912,0.4272181710835912
5.058025927514185,-0.6742679727661138,0.6742679727661138
5.103673195852814,-0.5037600442512127,0.5037600442512127
5.119601705830144,-0.7916016938703447,0.7916016938703447
5.196792244081376,-0.6022892812284996,0.6022892812284996
5.199577970184152,-0.5147960656283084,0.5147960656283084
5.239258826660777,-0.3661465866300501,0.3661465866300501
5.2613819947162765,-0.660279951415392,0.660279951415392
5.307620256264009,-0.6601051976676557,0.6601051976676557
5.324804239925738,-0.6113113212528943,0.6113113212528943
5.3524587434630195,-0.36365893810617755,0.36365893810617755
5.354141696537471,-0.6196766823105102,0.6196766823105102
5.38400011057362,-0.5582428462006228,0.5582428462006228
5.395041932746195,-0.5389623744670683,0.5389623744670683
5.42259070416816,-0.903605369010234,0.903605369010234
5.472230290050474,-0.6032346896859947,0.6032346896859947
5.502008728436953,-1.0162551483010527,1.0162551483010527
5.549985748689906,-0.5958277705752681,0.5958277705752681
5.587422357456657,-0.8380948433048242,0.8380948433048242
5.590911559879389,-0.5944217720968376,0.5944217720968376
5.593495005972434,-0.7162139295007693,0.7162139295007693
5.631394933821056,-1.1254904841879858,1.1254904841879858
5.662325310363109,-0.75961564793549,0.75961564793549
5.681395111963232,-1.1397064839047384,1.1397064839047384
5.683986649039016,-1.1661277907054766,1.1661277907054766
5.694889819252645,-0.5562154294785439,0.5562154294785439
5.726658966827226,-0.7318779255953899,0.7318779255953899
5.729581747494349,-0.6866421253949726,0.6866421253949726
5.733037941317988,-1.1012945520225348,1.1012945520225348
5.752717631419112,-1.3941216935561431,1.3941216935561431
5.791630172012988,-0.7180043023499603,0.7180043023499603
5.808932951691326,-0.8771638246155715,0.8771638246155715
5.820749629486549,-0.9611848427099263,0.9611848427099263
5.846754903685715,-0.6495952291807111,0.6495952291807111
5.87385332979954,-1.0533133670333157,1.0533133670333157
5.900011177940427,-0.7606213911037609,0.7606213911037609
5.992817361755941,-1.1200231423311526,1.1200231423311526
6.000410652852406,-0.9376685595373688,0.9376685595373688
6.014716033248029,-1.2997435856022928,1.2997435856022928
6.020138352354592,-0.6892757525440703,0.6892757525440703
6.04288435696131,-1.0309782680118633,1.0309782680118633
6.060542878208469,-0.902698572850253,0.902698572850253
6.069891832034376,-1.5757440646808691,1.5757440646808691
6.102838668098981,-1.738573629851602,1.738573629851602
6.105619808775239,-1.4929216870122555,1.4929216870122555
6.152954342730724,-1.3088188052170506,1.3088188052170506
6.159734286490032,-1.1515253505479899,1.1515253505479899
6.219201181819548,-1.6437599012234534,1.6437599012234534
6.261277128989963,-1.4485841222529827,1.4485841222529827
6.294022718045312,-1.5712838349260612,1.5712838349260612
6.328182219044273,-1.262623843659129,1.262623843659129
6.372918002297771,-1.4571356032035732,1.4571356032035732
6.381555855901275,-1.5669793233673848,1.5669793233673848
6.414355529776966,-1.5367258278083438,1.5367258278083438
6.464202469768484,-1.7839272339798633,1.7839272339798633
6.492628642307541,-1.3164440143657044,1.3164440143657044
6.501630021296438,-1.2721953587357406,1.2721953587357406
6.636791713711244,-1.4253816818447236,1.4253816818447236
6.643281669063616,-1.5075786042784303,1.5075786042784303
6.645095390383528,-1.4252973524692585,1.4252973524692585
6.65666149859454,-1.3971528726879596,1.3971528726879596
6.6576373402760955,-1.6638609480702393,1.6638609480702393
6.668343886560568,-2.0856251609938457,2.0856251609938457
6.669337451762001,-1.4042344577814103,1.4042344577814103
6.69376433697982,-2.1133340135538066,2.1133340135538066
6.711120925953342,-2.1431767247926237,2.1431767247926237
6.803657204194984,-1.9119924073666492,1.9119924073666492
6.835451411685618,-1.56298851470723,1.56298851470723
6.850919698229586,-2.206460463501739,2.206460463501739
6.85225907501366,-2.398995723862798,2.398995723862798
6.861867924368365,-1.6842660290534994,1.6842660290534994
6.873242966495384,-2.6151180919568797,2.6151180919568797
6.907904327700416,-2.269048601565571,2.269048601565571
6.953474172867509,-2.3049694434808825,2.3049694434808825
6.975610349945949,-1.7570752374438456,1.7570752374438456
7.0180955431620475,-2.2641385882310705,2.2641385882310705
7.019533975910508,-2.2191417655636942,2.2191417655636942
7.028610308887259,-2.4467573337344986,2.4467573337344986
7.033271751594506,-1.8734620357177827,1.8734620357177827
7.0376480915854955,-1.901957845374944,1.901957845374944
7.042762644544269,-2.268436209759525,2.268436209759525
7.058247472359901,-2.686033874623279,2.686033874623279
7.0733302141184895,-1.7585487311977537,1.7585487311977537
7.134375933678871,-2.057990960973111,2.057990960973111
7.157028513071777,-2.734209271691964,2.734209271691964
7.168710982615607,-1.7769829714964844,1.7769829714964844
7.194902629434113,-2.2736766414892426,2.2736766414892426
7.291446727611433,-2.8979312379880184,2.8979312379880184
7.2938877306724965,-2.206526436597014,2.206526436597014
7.3145522498291,-2.235531607978476,2.235531607978476
7.336777635423664,-3.4764899505107802,3.4764899505107802
7.345638812522154,-3.1465448950130446,3.1465448950130446
7.34997237672029,-2.5424619586001795,2.5424619586001795
7.381151287588138,-2.466000814780454,2.466000814780454
7.388883507611374,-3.051286743716031,3.051286743716031
7.406002184331349,-2.8547187766112825,2.8547187766112825
7.453904467827128,-3.376390870120983,3.376390870120983
7.463059297871346,-2.6301734432329247,2.6301734432329247
7.541281913284728,-3.6050476860197804,3.6050476860197804
7.552691242235733,-2.8779639964481865,2.8779639964481865
7.562054464271193,-3.0816290914950755,3.0816290914950755
7.631918815472556,-3.344121948066272,3.344121948066272
7.7050857842883635,-4.038794239801887,4.038794239801887
7.717239679446316,-4.133006743816512,4.133006743816512
7.764001215932099,-3.160790701782124,3.160790701782124
7.78567931443093,-3.512141841295506,3.512141841295506
7.808803233706824,-3.3991696347634246,3.3991696347634246
7.891521405381037,-3.6403730658309152,3.6403730658309152
7.914097068952977,-3.7915792894662053,3.7915792894662053
7.921124683959469,-2.8437333404140768,2.8437333404140768
7.92932288661546,-3.6079566028613215,3.6079566028613215
7.936049084229585,-2.8807002368908448,2.8807002368908448
7.9500115618562095,-4.263294494150087,4.263294494150087
8.031054647259992,-3.170172152332149,3.170172152332149
8.053892685835915,-4.088724358428926,4.088724358428926
8.057328659700062,-4.197385715455719,4.197385715455719
8.062724434033903,-4.170362913998013,4.170362913998013
8.073123216206264,-4.106269657679662,4.106269657679662
8.079991263491847,-3.604947103046934,3.604947103046934
8.114417039002515,-4.789160051420129,4.789160051420129
8.130240842764296,-2.8634289524015437,2.8634289524015437
8.131822006361816,-4.484292928137248,4.484292928137248
8.22163895239755,-3.7394821341053954,3.7394821341053954
8.244477204553814,-5.410546621131104,5.410546621131104
8.244623035371909,-4.330746774450527,4.330746774450527
8.248287666083193,-4.440614954479772,4.440614954479772
8.274913331176023,-3.788748165011345,3.788748165011345
8.299905524551264,-3.1508950710273496,3.1508950710273496
8.309532119496868,-4.5509056599256,4.5509056599256
8.35248734777055,-4.5421656784651,4.5421656784651
8.357672839857784,-4.649659258141027,4.649659258141027
8.363777313300691,-5.692232524395671,5.692232524395671
8.368740689417315,-4.237571137945984,4.237571137945984
8.380406363918347,-3.916830387533109,3.916830387533109
8.396987897112284,-5.1452925462598005,5.1452925462598005
8.440203696344014,-5.195858032271875,5.195858032271875
8.516672335744666,-3.7287895735775662,3.7287895735775662
8.544891104383684,-4.658571668375799,4.658571668375799
8.546990410709856,-5.305219826666091,5.305219826666091
8.58248280237046,-5.758039653966484,5.758039653966484
8.588438956945327,-6.593655916511633,6.593655916511633
8.603663438812951,-5.6945798219358315,5.6945798219358315
8.608966147303608,-3.913029955013543,3.913029955013543
8.672147206447509,-5.690308093009203,5.690308093009203
8.688607753834708,-5.118422369842178,5.118422369842178
8.701759696967805,-6.178008594428475,6.178008594428475
8.76638430925266,-5.315598899751512,5.315598899751512
8.777200265427194,-4.694990072733438,4.694990072733438
8.79728833541467,-5.594508545306307,5.594508545306307
8.821286697579493,-5.761717408620981,5.761717408620981
8.830086210497072,-5.4627148139194,5.4627148139194
8.849482101168146,-6.852407321225618,6.852407321225618
9.02637241056776,-6.070527651071344,6.070527651071344
9.028615712675453,-6.845233388567797,6.845233388567797
9.061561356594861,-7.6181719184018455,7.6181719184018455
9.078729986554318,-5.916541705308811,5.916541705308811
9.13976114169846,-6.404825780824395,6.404825780824395
9.153403997645164,-5.577749046348492,5.577749046348492
9.159850251345386,-6.5068174923559825,6.5068174923559825
9.188902197759077,-6.709579119242451,6.709579119242451
9.20198427463638,-5.814003585296668,5.814003585296668
9.205457654207695,-6.384667817701915,6.384667817701915
9.227002778075642,-4.736639531566864,4.736639531566864
9.29398735739887,-6.906550722715213,6.906550722715213
9.31100011520514,-7.825443517975704,7.825443517975704
9.324531115298075,-6.705389706407593,6.705389706407593
9.355739685023217,-7.590095936966187,7.590095936966187
9.377914379775444,-8.533894377004765,8.533894377004765
9.392771842757984,-6.653632575044267,6.653632575044267
9.398613761160227,-5.601061766674657,5.601061766674657
9.431684531087985,-7.81834519155462,7.81834519155462
9.450148031395734,-7.209028393530486,7.209028393530486
9.46766755484915,-6.909982462585589,6.909982462585589
9.467965023279124,-6.2292388068996125,6.2292388068996125
9.51655491075754,-5.966181255666674,5.966181255666674
9.526480834984039,-5.137739846958566,5.137739846958566
9.535771897876309,-7.1095115413660155,7.1095115413660155
9.599073164790456,-8.486851068337472,8.486851068337472
9.60096869583169,-7.712843942493717,7.712843942493717
9.603105445155759,-7.211589266163507,7.211589266163507
9.615711442612245,-8.9237025671382,8.9237025671382
9.66221205099683,-8.06984361024856,8.06984361024856
9.66930715424148,-9.314787732593155,9.314787732593155
9.695811703805061,-8.749934803660757,8.749934803660757
9.723164636251195,-6.408428295406485,6.408428295406485
9.723378879616249,-9.080586624855659,9.080586624855659
9.744008444699421,-7.686530022451798,7.686530022451798
9.79589447809487,-7.767919282233346,7.767919282233346
9.8312391013685,-9.694281692216599,9.694281692216599
9.86463368887372,-7.803027427158589,7.803027427158589
9.870549242202237,-8.974263616856883,8.974263616856883
9.873518877129484,-8.325307700167638,8.325307700167638
9.903380044778114,-7.033647802679254,7.033647802679254
9.923311039842288,-8.383305064300904,8.383305064300904
9.955410905283646,-9.252060077403081,9.252060077403081
10.001709288618652,-7.532851665133669,7.532851665133669
10.022368106347475,-8.823200403065655,8.823200403065655
10.067045386863734,-9.745554358933934,9.745554358933934
10.069709320633972,-7.526977209501906,7.526977209501906
10.098117956722955,-8.13369032738625,8.13369032738625
10.10129148187426,-8.73112830916482,8.73112830916482
10.188574486497991,-9.040287224727109,9.040287224727109
10.288743605203422,-9.234601648301279,9.234601648301279
10.352145641062542,-10.677510647174016,10.677510647174016
10.371780658677707,-10.56417222932987,10.56417222932987
10.38800087801588,-10.484006865705242,10.484006865705242
10.405603433737795,-10.529292120103563,10.529292120103563
10.405883033743407,-10.000299078558236,10.000299078558236
10.427792833661947,-8.601656612070427,8.601656612070427
10.4746456626573,-9.50809089098482,9.50809089098482
10.48979062445592,-9.587139762428984,9.587139762428984
10.498004761583504,-9.051270649749092,9.051270649749092
10.514851498591472,-9.815134288285618,9.815134288285618
10.5179564719217,-7.882389831044592,7.882389831044592
10.56467157071022,-11.841195366540813,11.841195366540813
10.569070967104304,-9.321549288533243,9.321549288533243
10.579657363684618,-11.406517901401985,11.406517901401985
10.641411720548373,-13.710365147883136,13.710365147883136
10.666986679556157,-7.887962224554151,7.887962224554151
10.687642380475058,-8.595508772077554,8.595508772077554
10.713696157300753,-10.399832985645888,10.399832985645888
10.75305614541681,-8.011090138320556,8.011090138320556
10.754489038255976,-10.039213074783014,10.039213074783014
10.758196490339058,-9.024357080687478,9.024357080687478
10.800644628142066,-10.63038906337723,10.63038906337723
10.801158432468627,-11.983292344653679,11.983292344653679
10.826920760380709,-10.997208912320882,10.997208912320882
10.837470200894202,-10.368065847915098,10.368065847915098
10.846403376955553,-10.377160187154715,10.377160187154715
10.892405272166513,-11.97159843874586,11.97159843874586
10.941026478688986,-11.83969400075137,11.83969400075137
10.971936754223112,-11.881602573689507,11.881602573689507
10.974836995182269,-12.398439771755097,12.398439771755097
10.986945680670674,-12.84159048982172,12.84159048982172
11.006554062888487,-12.788495017347206,12.788495017347206
11.033950567752337,-12.54717885122772,12.54717885122772
11.046897851806055,-10.414667670723798,10.414667670723798
11.065922908584046,-9.845391252156668,9.845391252156668
11.07403924579167,-13.493966022629921,13.493966022629921
11.137435045591527,-12.386252936805272,12.386252936805272
11.158014325849868,-10.999127702176214,10.999127702176214
11.164554951888512,-11.381168391023937,11.381168391023937
11.197793942252623,-10.067384749955455,10.067384749955455
11.212595042002778,-11.28800481884812,11.28800481884812
11.226218311810111,-10.774270161235718,10.774270161235718
11.238674604119781,-12.994384496676243,12.994384496676243
11.284608672559324,-12.696057587389713,12.696057587389713
11.342976515727145,-11.9823378158075,11.9823378158075
11.366149702948835,-10.899699972163878,10.899699972163878
11.373034332015287,-10.801926522896911,10.801926522896911
11.381296266169024,-12.3872843588321,12.3872843588321
11.551114799839084,-12.253577395705292,12.253577395705292
11.579860637581309,-13.571487482781043,13.571487482781043
11.636240614333301,-14.383161372061346,14.383161372061346
11.651356616130201,-14.379049728393943,14.379049728393943
11.664831330801096,-12.753452557058868,12.753452557058868
11.666683469564813,-10.945841622737522,10.945841622737522
11.67567556944963,-14.192493934235328,14.192493934235328
11.735715639784077,-12.624336496614973,12.624336496614973
11.747307050678222,-12.19179376617257,12.19179376617257
11.750204710891953,-14.18761068258114,14.18761068258114
11.774123594704145,-12.18703068380712,12.18703068380712
11.803575042346019,-14.835601754269158,14.835601754269158
11.808910165767756,-10.993621222434149,10.993621222434149
11.813610818910533,-12.087025912049915,12.087025912049915
11.818343026215297,-15.640467584027972,15.640467584027972
11.842605525521844,-12.296012596386122,12.296012596386122
11.904909061321302,-16.129929249213628,16.129929249213628
11.907319737670992,-11.323248283572184,11.323248283572184
11.935359597952088,-10.280716517993538,10.280716517993538
11.959724759752351,-13.201328155945896,13.201328155945896
11.979631455849585,-9.973924862929469,9.973924862929469
11.999838069920575,-11.639700482786795,11.639700482786795
12.003243700146799,-15.60865247246724,15.60865247246724
12.071834956632646,-13.534035268137432,13.534035268137432
12.116206233753967,-11.936883429882055,11.936883429882055
12.118069622885109,-14.160491897120423,14.160491897120423
12.138044512678551,-14.630834242144168,14.630834242144168
12.169604725196148,-13.078051762000436,13.078051762000436
12.183841848501334,-14.338730462956347,14.338730462956347
12.242658722515372,-13.166876767816202,13.166876767816202
12.280366836123058,-15.533490943351172,15.533490943351172
12.281661457449392,-15.440963814887235,15.440963814887235
12.289729246160721,-15.894412703013607,15.894412703013607
12.29790122551724,-13.025291440680908,13.025291440680908
12.316839390214845,-16.480424716647068,16.480424716647068
12.358179918729105,-16.04916731294336,16.04916731294336
12.372089431699612,-15.526625772727591,15.526625772727591
12.392717611857448,-13.312061233768285,13.312061233768285
12.404320848980813,-16.162560096865626,16.162560096865626
12.408681180916897,-11.887949707670339,11.887949707670339
12.45072733500157,-12.7739362791006,12.7739362791006
12.45559102664754,-14.906081155563067,14.906081155563067
12.49220783972713,-12.564778455839944,12.564778455839944
12.502171958254914,-15.497616805866837,15.497616805866837
12.521938302955917,-15.19659731140029,15.19659731140029
12.560556395131837,-13.87053801026025,13.87053801026025
12.634181449174715,-12.719720366519235,12.719720366519235
12.661301050463788,-15.284859371492496,15.284859371492496
12.66358492510681,-14.583984448451886,14.583984448451886
12.676359343396602,-13.117246444889231,13.117246444889231
12.813485994474746,-14.621009843577951,14.621009843577951
12.884480350650723,-17.244405414223394,17.244405414223394
12.89710979852261,-16.124006627000675,16.124006627000675
12.905574105467682,-13.279670298229671,13.279670298229671
12.956579780976682,-14.634842116178879,14.634842116178879
12.957882002924485,-14.344580881572034,14.344580881572034
12.97114678866463,-16.102584962378224,16.102584962378224
12.99920549783672,-16.630946771721213,16.630946771721213
13.019968438699141,-15.542121410846566,15.542121410846566
13.02749272100742,-17.34470858119785,17.34470858119785
13.058150670716762,-14.31249287374213,14.31249287374213
13.05845656495237,-13.970406663055305,13.970406663055305
13.072014481720375,-17.626262852255735,17.626262852255735
13.0945263880405,-17.456381772690317,17.456381772690317
13.099863859613812,-13.240955064892734,13.240955064892734
13.126997094866923,-14.199793237364513,14.199793237364513
13.16840640209423,-18.608268745375472,18.608268745375472
13.187206289460184,-14.891036465354249,14.891036465354249
13.203732516348019,-12.152920353525074,12.152920353525074
13.20532896782497,-17.59543978590653,17.59543978590653
13.205753362203954,-14.855260225538215,14.855260225538215
13.20620676628236,-11.983816765843379,11.983816765843379
13.241479649502091,-13.251370619970553,13.251370619970553
13.30619971237109,-14.76536252947517,14.76536252947517
13.335062546668116,-16.135638358006986,16.135638358006986
13.40921848538951,-15.83612992448215,15.83612992448215
13.475278424836155,-16.005356641534608,16.005356641534608
13.477923429251959,-13.62404113881361,13.62404113881361
13.53856482225023,-14.859067087747842,14.859067087747842
13.548904599228425,-14.486464251573347,14.486464251573347
13.559639534638016,-18.745838001058395,18.745838001058395
13.57290442943296,-17.903151976116597,17.903151976116597
13.585896677063847,-18.05740587809869,18.05740587809869
13.591386160675672,-17.229097002168142,17.229097002168142
13.627420897865028,-15.349099449782495,15.349099449782495
13.638914068075191,-15.331708761297225,15.331708761297225
13.671206652370103,-18.738318498152044,18.738318498152044
13.675236358193029,-13.978710820979032,13.978710820979032
13.710228295646889,-18.27441887556077,18.27441887556077
13.719735243950504,-16.959984981847914,16.959984981847914
13.729414156787536,-18.620770242590435,18.620770242590435
13.746627101406563,-16.87306939978128,16.87306939978128
13.751439453249748,-13.41293194685753,13.41293194685753
13.786621737201639,-13.899631863720607,13.899631863720607
13.805202001792052,-16.988219887009556,16.988219887009556
13.902213195400595,-14.010770431014395,14.010770431014395
13.908517748260895,-15.762423209755255,15.762423209755255
13.941305834758554,-16.87048223424997,16.87048223424997
13.979684354777916,-14.080160010324137,14.080160010324137
13.98419333448648,-15.86719533642564,15.86719533642564
14.075857189110405,-15.88616338053777,15.88616338053777
14.132720086968144,-18.588161071918346,18.588161071918346
14.14286298091502,-17.566891594800087,17.566891594800087
14.144464741370548,-14.300237738609058,14.300237738609058
14.177443922169285,-16.38946606031304,16.38946606031304
14.250932675047874,-15.815389605578204,15.815389605578204
14.251410399668817,-18.647871131591042,18.647871131591042
14.292629826720061,-16.903341108661106,16.903341108661106
14.30269052252299,-14.950417158212048,14.950417158212048
14.322735426223808,-17.915193938732436,17.915193938732436
14.325685937225453,-18.817035913416884,18.817035913416884
14.342789535200595,-15.177480953764832,15.177480953764832
14.346674452062857,-15.746979400967406,15.746979400967406
14.36243293974795,-17.469920519125093,17.469920519125093
14.39081755345987,-14.283510386913584,14.283510386913584
14.407414235503142,-18.421416783008144,18.421416783008144
14.43190374286716,-20.243231926626944,20.243231926626944
14.432782076715135,-13.003252696384694,13.003252696384694
14.438848065189042,-18.678279733730317,18.678279733730317
14.451781964655552,-15.884579049732269,15.884579049732269
14.47210543474395,-12.804631746982944,12.804631746982944
14.48312122908361,-14.506853471521977,14.506853471521977
14.531807053398524,-15.959428954923487,15.959428954923487
14.532080580657684,-16.923342659462485,16.923342659462485
14.540564468109533,-15.554634751697728,15.554634751697728
14.70036734789391,-16.657588240191174,16.657588240191174
14.766715001170978,-16.60862283788855,16.60862283788855
14.799907972939614,-15.389246719682678,15.389246719682678
14.802439679061191,-19.850006703754474,19.850006703754474
14.83964062474995,-14.408498012094297,14.408498012094297
14.856079612705194,-18.849548774657052,18.849548774657052
14.862124183872607,-15.99515267552847,15.99515267552847
14.891426518004636,-19.277000999152744,19.277000999152744
14.899745381384491,-14.872671871797314,14.872671871797314
14.901110863901954,-18.02062990752362,18.02062990752362
14.907524919304313,-15.614635061695889,15.614635061695889
14.937298529646093,-17.61323215824157,17.61323215824157
14.938092455759389,-19.407553926773407,19.407553926773407
15.03516941363501,-16.080391648287907,16.080391648287907
15.03766317616559,-17.963487361417737,17.963487361417737
15.048367159594166,-18.982931881230805,18.982931881230805
15.081035634676144,-14.407034238016696,14.407034238016696
15.088465700628188,-17.85764447074796,17.85764447074796
15.094197725582596,-14.045583224336566,14.045583224336566
15.100648394845965,-19.6030398393847,19.6030398393847
15.170244941626475,-14.457959555992575,14.457959555992575
15.22131061905332,-17.858988037862783,17.858988037862783
15.256479101389953,-16.237713442140443,16.237713442140443
15.283009366159227,-14.598011246889483,14.598011246889483
15.304801743866147,-16.480699360166266,16.480699360166266
15.338228383746067,-16.21251497951845,16.21251497951845
15.380959823285565,-19.55160471559215,19.55160471559215
15.383355377273418,-14.964791744080607,14.964791744080607
15.388616163307429,-18.071867401505223,18.071867401505223
15.39830806336189,-16.745333160525963,16.745333160525963
15.475328078330218,-19.09683438845319,19.09683438845319
15.543983347171263,-16.23117073658346,16.23117073658346
15.547230374329219,-15.191756090963613,15.191756090963613
15.565291214740983,-17.19521347663867,17.19521347663867
15.56635180925879,-16.100948176922447,16.100948176922447
15.579357392730532,-19.375603225655418,19.375603225655418
15.609499503181313,-18.911338450527786,18.911338450527786
15.62712250544882,-15.502823164499524,15.502823164499524
15.6462653546109,-18.534498526743327,18.534498526743327
15.659357387147907,-13.24198728824156,13.24198728824156
15.681771247305928,-14.563767812194676,14.563767812194676
15.695401083640089,-20.57459989249712,20.57459989249712
15.697810567107155,-16.15783247842311,16.15783247842311
15.724762808665126,-14.798589641083788,14.798589641083788
15.72909861464725,-17.437929608588448,17.437929608588448
15.74047835313988,-13.066304520597871,13.066304520597871
15.753719090831272,-17.644059879685674,17.644059879685674
15.774929223847977,-15.85970584851704,15.85970584851704
15.783169742337588,-18.809468676625233,18.809468676625233
15.876407817336863,-16.227988209724536,16.227988209724536
15.99151621039831,-16.45078417318351,16.45078417318351
16.045239823484362,-20.11260340147626,20.11260340147626
16.0509113466508,-15.610305233034586,15.610305233034586
16.0581515775058,-16.90492417928048,16.90492417928048
16.09682746988019,-16.319268512956594,16.319268512956594
16.12425440457595,-14.90698609622701,14.90698609622701
16.139254795977433,-18.965250522979932,18.965250522979932
16.154861815341683,-17.55204803544988,17.55204803544988
16.196956358945425,-19.34868239946526,19.34868239946526
16.201357820247942,-14.478858441038142,14.478858441038142
16.204978259148678,-19.41822446694462,19.41822446694462
16.210835567128235,-18.130549536228337,18.130549536228337
16.276485016358397,-15.756374020710787,15.756374020710787
16.32869925092462,-17.961708137030442,17.961708137030442
16.37172939946432,-17.642375789703983,17.642375789703983
16.375449532150654,-14.596180958067663,14.596180958067663
16.386506023541443,-19.156159311972868,19.156159311972868
16.43142475919483,-16.104876912842276,16.104876912842276
16.436955997915447,-13.943007601184107,13.943007601184107
16.438276687852355,-14.376063549718593,14.376063549718593
16.471882632904396,-19.542814575418358,19.542814575418358
16.501315403348084,-17.63548015497038,17.63548015497038
16.586334377540542,-14.564366157405942,14.564366157405942
16.60059957838173,-16.095163248390126,16.095163248390126
16.60444045451901,-16.184919933563624,16.184919933563624
16.619172204554495,-16.463178740840764,16.463178740840764
16.622246013176287,-14.869110920564992,14.869110920564992
16.625410153245817,-16.33269358451584,16.33269358451584
16.629199559602988,-19.285105853082538,19.285105853082538
16.634369345699838,-18.163163103536963,18.163163103536963
16.69924575699162,-18.92846370313549,18.92846370313549
16.78602916645472,-15.64047293367219,15.64047293367219
16.791770226135448,-15.098407991223493,15.098407991223493
16.811584770859483,-18.66700427787575,18.66700427787575
16.83302884823561,-19.018216782418637,19.018216782418637
16.83703401929465,-15.832416441608515,15.832416441608515
16.837952602761902,-16.728472831545854,16.728472831545854
16.88593269758068,-12.944325562823664,12.944325562823664
16.911455475697046,-15.217973817819686,15.217973817819686
16.926116648636814,-16.915157692293814,16.915157692293814
16.943839169558757,-15.898470255673004,15.898470255673004
16.958898424413018,-20.004219710033514,20.004219710033514
16.966404388246644,-14.316170138599967,14.316170138599967
16.96979528299799,-18.0646226407466,18.0646226407466
16.972724941151984,-14.358353331838334,14.358353331838334
17.00885127153581,-12.6343497431193,12.6343497431193
17.009293979586424,-15.366309888370058,15.366309888370058
17.127491419486134,-18.408884186271973,18.408884186271973
17.145005241914593,-17.28653181212706,17.28653181212706
17.221008581275203,-15.634982286799923,15.634982286799923
17.282665072902706,-15.473296398568007,15.473296398568007
17.288039967907533,-19.456463747681948,19.456463747681948
17.301914720361985,-14.782024165099083,14.782024165099083
17.33153075588777,-15.513578670587016,15.513578670587016
17.34876342776741,-14.435832321119442,14.435832321119442
17.34958815384062,-16.06014889443627,16.06014889443627
17.372425101037273,-16.59984866552579,16.59984866552579
17.422429979249667,-18.41274220260814,18.41274220260814
17.471864062537964,-18.422573131131962,18.422573131131962
17.502486199886214,-18.16161145231506,18.16161145231506
17.520560270354515,-16.84393955290154,16.84393955290154
17.563075015745934,-14.040454360719483,14.040454360719483
17.619735325683642,-16.518335135209046,16.518335135209046
17.645445113412478,-14.24014323733405,14.24014323733405
17.65499309830046,-16.412059386844334,16.412059386844334
17.66986342962516,-13.851889649998167,13.851889649998167
17.706308434078235,-13.155420666923694,13.155420666923694
17.724644887488715,-17.90155562383181,17.90155562383181
17.7797142702483,-13.171008213214035,13.171008213214035
17.781320187642848,-16.066441398456178,16.066441398456178
17.82768010475465,-14.477285850126174,14.477285850126174
17.840036345747098,-15.050820089470967,15.050820089470967
17.843116870962827,-17.644668365263414,17.644668365263414
17.861136649079153,-13.497629929063034,13.497629929063034
17.86297077301739,-14.595361196812508,14.595361196812508
17.877439295920407,-17.899149721530915,17.899149721530915
17.880122528092247,-16.776354660729115,16.776354660729115
17.889659388921856,-13.21786106339289,13.21786106339289
17.92316343565302,-17.358767218551996,17.358767218551996
17.946018562625486,-15.226302296092777,15.226302296092777
17.95240180764807,-14.823124701046101,14.823124701046101
18.005706523650655,-14.141975915379719,14.141975915379719
18.013670038537654,-16.920322863781845,16.920322863781845
18.03631007794168,-13.821853143481894,13.821853143481894
18.08670030374069,-17.195228873605405,17.195228873605405
18.110613990782824,-14.73801353569958,14.73801353569958
18.112508008013457,-11.681777922526269,11.681777922526269
18.12313468262638,-15.378015944139502,15.378015944139502
18.13008469141804,-14.490482297907592,14.490482297907592
18.189867772010356,-13.904633645907541,13.904633645907541
18.195788445945272,-13.262803953353636,13.262803953353636
18.208045967828163,-13.010406828949458,13.010406828949458
18.222395765185947,-17.752458769663484,17.752458769663484
18.243658735324864,-13.581071418381585,13.581071418381585
18.26367863499804,-12.522231394794503,12.522231394794503
18.277224189931744,-11.200489633499275,11.200489633499275
18.293325211385078,-15.96613098388182,15.96613098388182
18.47181309663468,-15.98567017303593,15.98567017303593
18.530840112330708,-17.077089029053464,17.077089029053464
18.536291392997914,-14.500368160193462,14.500368160193462
18.55291809407317,-12.359925238981688,12.359925238981688
18.56560934521354,-13.19836390748188,13.19836390748188
18.56623404189535,-12.818420612075519,12.818420612075519
18.573272450958868,-12.175386600586378,12.175386600586378
18.573813935407106,-13.40892523179742,13.40892523179742
18.589988386732863,-13.964184393679885,13.964184393679885
18.64102473017544,-13.554820970591546,13.554820970591546
18.705605162521902,-14.9925403406962,14.9925403406962
18.738749865927254,-15.619295935764969,15.619295935764969
18.808016040827003,-14.837216968700691,14.837216968700691
18.830284973580795,-14.265284194385424,14.265284194385424
18.91077140044267,-13.610440229322151,13.610440229322151
18.924792211243926,-10.754705137913891,10.754705137913891
18.938256797136596,-13.76722854143328,13.76722854143328
18.96427732709967,-10.902868365737568,10.902868365737568
18.974340180304118,-10.94073083495769,10.94073083495769
19.01440521046656,-10.801845499118171,10.801845499118171
19.0609004869397,-11.86494950838914,11.86494950838914
19.061324971937616,-12.773597086580018,12.773597086580018
19.062783751435994,-14.228840270515752,14.228840270515752
19.100027284982023,-10.296560931763482,10.296560931763482
19.122472542581146,-10.163932754063277,10.163932754063277
19.12534196765305,-11.114498807419357,11.114498807419357
19.12567903223783,-14.050617876693638,14.050617876693638
19.125875710484657,-13.344136770595348,13.344136770595348
19.147081114314418,-13.696368890538768,13.696368890538768
19.19298440030317,-10.301659066224842,10.301659066224842
19.21435110902126,-13.95905180587293,13.95905180587293
19.215755306215826,-13.169697180225912,13.169697180225912
19.223935450314467,-11.058573931858955,11.058573931858955
19.22538388084659,-11.26104929343786,11.26104929343786
19.266626972005152,-11.545735244018799,11.545735244018799
19.280849929747905,-10.546892330590037,10.546892330590037
19.300363160777124,-11.147001949693337,11.147001949693337
19.320152716615947,-11.73400699943849,11.73400699943849
19.339083318446228,-9.333269994748823,9.333269994748823
19.34037175924577,-13.383830071572415,13.383830071572415
19.383275378803745,-10.506552499335285,10.506552499335285
19.423135363541427,-10.969394663464563,10.969394663464563
19.435896374461958,-10.072848321609934,10.072848321609934
19.44968754740968,-9.855339000327959,9.855339000327959
19.47802349106331,-10.107967127182713,10.107967127182713
19.480121416193494,-10.097344343798197,10.097344343798197
19.485893105958876,-12.931637931949501,12.931637931949501
19.54559710832767,-8.15500539897096,8.15500539897096
19.5546323288441,-9.529072443586575,9.529072443586575
19.616855139772166,-11.11303966680111,11.11303966680111
19.77364025675388,-11.498378459682877,11.498378459682877
19.79778147415033,-8.461364490035931,8.461364490035931
19.80093732790293,-8.5696903758682,8.5696903758682
19.80392146778436,-8.687623037930251,8.687623037930251
19.807551672428453,-9.135340377442583,9.135340377442583
19.816134773783222,-10.98460950556959,10.98460950556959
19.864962797911506,-8.66154387580431,8.66154387580431
19.910210109151883,-8.489590265660473,8.489590265660473
19.927577544081235,-9.329222766653746,9.329222766653746
19.932461306510266,-9.391784142633727,9.391784142633727
19.98878034579414,-10.597621111619414,10.597621111619414
20.00563566931654,-9.714058031879249,9.714058031879249
20.11354588176779,-9.16867478750734,9.16867478750734
20.140009676807075,-8.942372303935128,8.942372303935128
20.201807475201697,-8.97713785199299,8.97713785199299
20.221520495972733,-8.256755268595295,8.256755268595295
20.242371926529998,-5.996320398557547,5.996320398557547
20.25869122457418,-6.506871710694924,6.506871710694924
20.281764628132308,-7.751177361065587,7.751177361065587
20.286509406741917,-6.717948690066052,6.717948690066052
20.33891792088489,-5.6708902831728665,5.6708902831728665
20.34132975623238,-7.741637929927357,7.741637929927357
20.37099879297582,-8.111224936265415,8.111224936265415
20.371628892877062,-7.838669856937204,7.838669856937204
20.37391876855525,-8.311323898172375,8.311323898172375
20.38336530752064,-6.665703936324922,6.665703936324922
20.387713162288712,-6.362548348834934,6.362548348834934
20.400922615383273,-9.142736557989439,9.142736557989439
20.417840573893997,-8.494360337835385,8.494360337835385
20.44506123804252,-7.161648321151523,7.161648321151523
20.465230814913998,-5.838111707550942,5.838111707550942
20.496309411684482,-6.2892906566875615,6.2892906566875615
20.517170750605512,-6.720927352100986,6.720927352100986
20.525389781554132,-6.327213251332722,6.327213251332722
20.565658628879003,-5.571293329032201,5.571293329032201
20.585585347079686,-7.782659585436223,7.782659585436223
20.587235381384822,-6.385717475085598,6.385717475085598
20.594043214750847,-7.275373138946537,7.275373138946537
20.620190795874286,-5.7992476600930365,5.7992476600930365
20.648324513906182,-6.109178719580688,6.109178719580688
20.655936766824667,-5.928404168148869,5.928404168148869
20.681924976913557,-5.667872248816829,5.667872248816829
20.691329126991192,-5.217421897788636,5.217421897788636
20.71238824680175,-5.594924318081479,5.594924318081479
20.71618603566482,-5.906164175936328,5.906164175936328
20.749390446731805,-6.949747724753377,6.949747724753377
20.76445438644172,-5.454142615043272,5.454142615043272
20.813970026723602,-4.644619431715117,4.644619431715117
20.845586022690156,-4.838371179222303,4.838371179222303
20.940385068159255,-5.225058844778133,5.225058844778133
21.016440401177054,-5.666636795195025,5.666636795195025
21.02229049734179,-4.401957512606976,4.401957512606976
21.025114958124043,-5.361953929409226,5.361953929409226
21.03564061391051,-4.668110046473845,4.668110046473845
21.054924841495545,-4.334758340239168,4.334758340239168
21.156111660415906,-4.141923730784858,4.141923730784858
21.16045645093177,-5.420558170486188,5.420558170486188
21.223897882845087,-5.057042901216702,5.057042901216702
21.254810873090225,-4.223037132821233,4.223037132821233
21.27195552906638,-4.589654559519767,4.589654559519767
21.27252147270583,-4.561654086872374,4.561654086872374
21.318863695164552,-3.7321516385738653,3.7321516385738653
21.41907572270858,-4.572373108914312,4.572373108914312
21.449734380033355,-3.9660544152534403,3.9660544152534403
21.49284354996072,-4.387522029322693,4.387522029322693
21.50262876932491,-3.104731143987676,3.104731143987676
21.504784194808863,-3.7545224742623375,3.7545224742623375
21.510403672755878,-2.5087840441436615,2.5087840441436615
21.553105122048684,-2.967923324889709,2.967923324889709
21.577808556787758,-3.0639493845792183,3.0639493845792183
21.59491647163722,-4.103482467013964,4.103482467013964
21.61738207526947,-3.5996495568706997,3.5996495568706997
21.61992584157217,-3.9327523869628673,3.9327523869628673
21.621334540527144,-2.7301132151166865,2.7301132151166865
21.622158504872672,-4.190614187224745,4.190614187224745
21.64822660223991,-2.54145042602057,2.54145042602057
21.650084356924374,-3.0112309339566448,3.0112309339566448
21.664738595238454,-3.893081427234846,3.893081427234846
21.714188784595077,-2.6244498957629467,2.6244498957629467
21.739061479330545,-3.8135375039736603,3.8135375039736603
21.752325404574723,-2.448854857843274,2.448854857843274
21.769929633360363,-2.519497254678742,2.519497254678742
21.792233939311778,-2.488916695690859,2.488916695690859
21.799634423065797,-2.603416672440151,2.603416672440151
21.80798908724685,-2.2822168436639707,2.2822168436639707
21.847714670255925,-2.941197356695236,2.941197356695236
21.90784379076449,-2.8992555175036436,2.8992555175036436
21.92795357936516,-2.0612413471490143,2.0612413471490143
21.92859815484558,-2.5828109845122444,2.5828109845122444
21.93297070657271,-2.248110629311455,2.248110629311455
21.9467530025402,-2.5660981499692017,2.5660981499692017
21.956819585138117,-3.0232953964021876,3.0232953964021876
21.99628586703524,-2.0320914863214012,2.0320914863214012
22.009236707788205,-2.3008617503275755,2.3008617503275755
22.012887787504734,-2.6430975716874405,2.6430975716874405
22.016446141434105,-2.1512790476592114,2.1512790476592114
22.048787356689946,-1.706607738408192,1.706607738408192
22.082342945119535,-1.8496965321214442,1.8496965321214442
22.136539716536213,-1.7469057264401044,1.7469057264401044
22.242678243819633,-2.171272369194405,2.171272369194405
22.246799520533248,-1.7024674380410982,1.7024674380410982
22.259240545600225,-2.335878685268125,2.335878685268125
22.263914996546344,-1.8789508902006435,1.8789508902006435
22.27034389991809,-1.6869464991052958,1.6869464991052958
22.30592821520673,-1.5644835996740305,1.5644835996740305
22.447260522920306,-1.2837860727981805,1.2837860727981805
22.504778128080314,-1.3270945620425918,1.3270945620425918
22.515334459179908,-1.5479454596156477,1.5479454596156477
22.539407276095115,-1.7214408651443873,1.7214408651443873
22.555130712338613,-1.5364895241368433,1.5364895241368433
22.599411637028563,-1.3930861809327895,1.3930861809327895
22.710149846247873,-1.1718129680960756,1.1718129680960756
22.723492910517514,-1.361917306130616,1.361917306130616
22.72460556364937,-1.4473636892313544,1.4473636892313544
22.759459083259635,-1.1989002627460907,1.1989002627460907
22.778435418981758,-0.5859859673582818,0.5859859673582818
22.78387962471975,-1.4631083758776846,1.4631083758776846
22.788047893645,-1.1474474917401358,1.1474474917401358
22.816699192690628,-1.2876584836997633,1.2876584836997633
22.81883415029862,-1.4913868930166334,1.4913868930166334
22.82201110925034,-1.2353943894396178,1.2353943894396178
22.84751901952319,-0.9039879903786213,0.9039879903786213
22.86313525766188,-1.0521456517969632,1.0521456517969632
22.870398241190095,-1.2781792923947601,1.2781792923947601
22.884415952434388,-1.1660394540327352,1.1660394540327352
22.901339324821908,-0.6070056660452948,0.6070056660452948
22.911206818584642,-0.7576152336136956,0.7576152336136956
22.912455551560036,-1.0578015815975237,1.0578015815975237
23.0099437977379,-0.7830965651958909,0.7830965651958909
23.014469485166593,-0.7901732007621111,0.7901732007621111
23.018809249744553,-0.6972726338608618,0.6972726338608618
23.077200343277823,-1.1749550352528848,1.1749550352528848
23.101386125761003,-0.7999378752906087,0.7999378752906087
23.10295943444711,-0.7219170334062,0.7219170334062
23.121285501628805,-0.5242827597201752,0.5242827597201752
23.1507473595797,-0.7631957053249838,0.7631957053249838
23.17398218181676,-0.7663683222835513,0.7663683222835513
23.17461228615423,-0.9203048373439302,0.9203048373439302
23.18111775827864,-0.8020713104164867,0.8020713104164867
23.201259542866502,-0.6654740025283573,0.6654740025283573
23.228452200144158,-0.943555094398391,0.943555094398391
23.276385128277663,-0.6123902186958053,0.6123902186958053
23.302287379911597,-0.5778123207225181,0.5778123207225181
23.328053823196548,-0.5170249618819175,0.5170249618819175
23.33312032693817,-0.3104458855684047,0.3104458855684047
23.3442472201643,-0.46530439152874725,0.46530439152874725
23.35071586351546,-0.3981252412007748,0.3981252412007748
23.412701486993925,-0.3775173966721277,0.3775173966721277
23.42749341038227,-0.31101952758384416,0.31101952758384416
23.460241529515223,-0.6572180224690123,0.6572180224690123
23.471308543724707,-0.4201655648955645,0.4201655648955645
23.502040690023396,-0.8256131375841397,0.8256131375841397
23.50504718592567,-0.24416741142451742,0.24416741142451742
23.556931588917916,-0.3950507707042329,0.3950507707042329
23.587444924933433,-0.33144086795120553,0.33144086795120553
23.738409385424706,-0.3484051115473019,0.3484051115473019
23.8062930794844,-0.19800133460688596,0.19800133460688596
23.80677103551473,-0.326894316034042,0.326894316034042
23.838305895610848,-0.3192682601131509,0.3192682601131509
23.84909980522886,-0.2931520346102231,0.2931520346102231
23.9440124009669,-0.296749094793554,0.296749094793554
23.94435705171012,-0.2901931722457607,0.2901931722457607
24.02409637692851,-0.3044081598464554,0.3044081598464554
24.03013540459016,-0.3830253672259893,0.3830253672259893
24.04275182896002,-0.4058355164069615,0.4058355164069615
24.046467165207638,-0.07244739854931481,0.07244739854931481
24.055589828593494,-0.2292494526916742,0.2292494526916742
24.069183786485915,-0.12545782146494136,0.12545782146494136
24.071311592481138,-0.33418795750526353,0.33418795750526353
24.074915699478776,-0.2907865274395326,0.2907865274395326
24.101435997331194,-0.2768699545118405,0.2768699545118405
24.10409330963032,-0.08451518335630051,0.08451518335630051
24.108224852574207,-0.1918422680116471,0.1918422680116471
24.10888844005429,-0.17585616128458206,0.17585616128458206
24.118637977507515,-0.28560303843439,0.28560303843439
24.1419329169977,-0.13441805717230457,0.13441805717230457
24.1748267461957,-0.20560482409875458,0.20560482409875458
24.181344109116672,-0.04920500136807416,0.04920500136807416
24.245384560177328,-0.2000566739892922,0.2000566739892922
24.25900933697282,-0.14614048819758388,0.14614048819758388
24.35505758126608,-0.051876225865995655,0.051876225865995655
24.371660993235892,-0.02833660569786387,0.02833660569786387
24.406284445828426,-0.12466104442651166,0.12466104442651166
24.415339207225095,-0.15085417637358425,0.15085417637358425
24.415482514017086,-0.03934110437158162,0.03934110437158162
24.416253865735747,-0.15706878133711394,0.15706878133711394
24.42001078426836,-0.09595413146480296,0.09595413146480296
24.473920930887424,-0.2139461749081801,0.2139461749081801
24.490245598682886,-0.0410604290211623,0.0410604290211623
24.49350563191255,0.006000000000000005,0.006000000000000005
24.539882469050593,-0.05482430285108771,0.05482430285108771
24.549060609523828,-0.23492042049152323,0.23492042049152323
24.595338052034982,-0.05513535864195264,0.05513535864195264
24.617453297186398,-0.08228896703549246,0.08228896703549246
24.619088781911394,0.0024999999999999467,0.0024999999999999467
24.67780481521081,0.0,0.0
24.692208573293357,-0.09189338922442791,0.09189338922442791
24.695817566916165,-0.07508805225810483,0.07508805225810483
24.69928806125498,-0.0545757231063437,0.0545757231063437
24.718447104228325,-0.03962418975981211,0.03962418975981211
24.73975047193325,0.0,0.0
24.74484083444657,-0.31301413397956684,0.31301413397956684
24.8079349626291,-0.03921599540607328,0.03921599540607328
24.808956832553744,-0.04063148941268825,0.04063148941268825
24.91097485332052,-0.05031596830610108,0.05031596830610108
25.029558247929106,0.0010000000000000009,0.0010000000000000009
25.07317888287369,0.0020000000000000018,0.0020000000000000018
25.09820761184955,0.0024999999999999467,0.0024999999999999467
25.121481078883086,-0.05611512324870759,0.05611512324870759
25.165221192902724,0.0,0.0
25.193421482377406,0.0020000000000000018,0.0020000000000000018
25.226181644606687,0.0,0.0
25.266669507621422,0.0,0.0
25.288613164905243,0.0024999999999999467,0.0024999999999999467
25.294480464496363,0.0,0.0
25.30524288656377,0.0,0.0
25.314498911433517,0.0,0.0
25.323770666826253,0.0,0.0
25.335665245530947,-0.054237243827482344,0.054237243827482344
25.354575291317275,0.0014999999999999458,0.0014999999999999458
25.3546416224467,-0.07556846452411548,0.07556846452411548
25.3659517742378,-0.061616215757445,0.061616215757445
25.366877713824938,0.0,0.0
25.378908489712195,0.0020000000000000018,0.0020000000000000018
25.43634681447221,0.0,0.0
25.437197940831357,0.0,0.0
25.46134889341144,0.0,0.0
25.4719598706101,0.0,0.0
25.492722148414515,-0.11792489289998391,0.11792489289998391
25.503549188779047,0.0,0.0
25.608729036771155,0.0,0.0
25.64984726975553,0.0,0.0
25.657895445317262,0.0,0.0
25.666039386719962,0.0,0.0
25.70960945720974,0.0010000000000000009,0.0010000000000000009
25.733378188733884,0.0,0.0
25.746582318908345,-0.049786229161189806,0.049786229161189806
25.753478071172378,0.0,0.0
25.80337980982352,0.0,0.0
25.8362639042454,0.0,0.0
25.859205695736968,0.0,0.0
25.869669018903494,0.0004999999999999449,0.0004999999999999449
25.887461700307327,0.0,0.0
25.88838872415837,0.0,0.0
25.90178626743462,0.0,0.0
25.920326590107624,0.0,0.0
25.98764097886974,0.0,0.0
26.009400798074385,0.0,0.0
26.040169926422415,0.0,0.0
26.058938336340287,0.0,0.0
26.07052229931341,0.0004999999999999449,0.0004999999999999449
26.205212178113563,0.0004999999999999449,0.0004999999999999449
26.23450478170761,0.0,0.0
26.320707110433506,0.0,0.0
26.340064686262977,0.0,0.0
26.389644188184374,0.0,0.0
26.404656262155324,0.0,0.0
26.53774315952595,0.0,0.0
26.60039480483911,0.0,0.0
26.633213928843585,0.0,0.0
26.637838990153412,0.0,0.0
26.641195086471736,0.0,0.0
26.656987848996827,0.0,0.0
26.688633192938482,0.0,0.0
26.884008299497836,0.0004999999999999449,0.0004999999999999449
27.01293446859105,0.0,0.0
27.019243706929267,0.0,0.0
27.190277428283164,0.0,0.0
27.44175653737184,0.0,0.0
27.60146752367338,0.0,0.0
28.275294450581153,0.0,0.0
